geo,geo_label,year,temp_mean_c,precip_mm,et0_mm,temp_mean_growing_c,precip_growing_mm,et0_growing_mm,n_hot_days_growing,n_wet_days_growing,n_dry_days_growing
BE3,Wallonie,2000,10.37,989.3,639.8,14.51,550.6,492.0,10,13,91
BE3,Wallonie,2001,9.92,1013.8,659.2,14.19,492.7,518.3,21,8,93
BE3,Wallonie,2002,10.52,975.9,661.6,14.53,404.4,503.7,11,11,111
BE3,Wallonie,2003,10.43,678.2,780.0,15.92,355.2,616.5,33,8,126
BE3,Wallonie,2004,9.82,770.3,684.2,14.54,409.2,530.6,18,6,99
BE3,Wallonie,2005,10.21,703.2,689.2,14.88,399.6,534.5,28,8,105
BE3,Wallonie,2006,10.55,831.5,695.6,15.52,452.4,544.8,30,8,93
BE3,Wallonie,2007,10.59,922.9,668.2,14.96,482.5,519.3,7,10,97
BE3,Wallonie,2008,9.92,883.9,657.4,14.37,452.6,511.0,12,13,103
BE3,Wallonie,2009,10.05,826.0,695.9,15.23,373.7,554.9,14,10,117
BE3,Wallonie,2010,8.8,849.3,672.9,14.23,427.0,535.8,21,10,111
BE3,Wallonie,2011,10.84,722.3,720.3,15.31,381.8,561.0,13,7,108
BE3,Wallonie,2012,9.93,912.4,664.7,14.31,467.0,514.5,15,12,96
BE3,Wallonie,2013,9.44,787.2,655.0,14.38,377.0,515.8,24,8,111
BE3,Wallonie,2014,11.17,862.5,686.1,15.04,461.2,517.3,7,8,99
BE3,Wallonie,2015,10.61,767.8,714.5,14.77,367.0,565.9,27,6,107
BE3,Wallonie,2016,10.32,875.9,667.1,15.33,448.5,525.7,17,8,102
BE3,Wallonie,2017,10.28,839.9,693.7,14.79,410.1,538.7,22,9,93
BE3,Wallonie,2018,10.96,731.7,800.5,16.44,283.4,639.1,39,6,126
BE3,Wallonie,2019,10.58,902.7,751.4,15.02,353.8,594.0,25,6,112
BE3,Wallonie,2020,11.23,887.3,807.0,15.8,316.5,648.0,30,8,121
BE3,Wallonie,2021,9.6,1036.4,657.0,13.8,558.6,506.0,7,12,95
BE3,Wallonie,2022,11.17,758.5,827.3,15.65,332.0,644.1,37,7,123
BE3,Wallonie,2023,11.09,1122.2,752.1,15.46,501.7,595.7,31,16,101
BE3,Wallonie,2024,10.86,1158.2,672.3,15.03,609.2,522.1,23,14,73
BE31,Brabant wallon,2000,10.64,936.2,659.3,14.67,550.7,498.4,12,16,98
BE31,Brabant wallon,2001,10.18,954.9,679.3,14.42,476.9,531.8,22,10,94
BE31,Brabant wallon,2002,10.76,909.4,673.8,14.68,405.9,505.7,12,12,114
BE31,Brabant wallon,2003,10.66,612.7,788.4,16.01,325.3,619.5,35,11,129
BE31,Brabant wallon,2004,10.16,700.7,705.7,14.78,360.4,542.0,19,4,107
BE31,Brabant wallon,2005,10.5,658.1,701.5,14.98,393.8,537.9,28,10,104
BE31,Brabant wallon,2006,10.83,742.6,714.4,15.72,407.3,554.3,34,7,101
BE31,Brabant wallon,2007,10.86,814.5,686.7,15.15,430.8,528.7,9,9,104
BE31,Brabant wallon,2008,10.2,774.8,679.3,14.56,418.2,522.6,13,14,107
BE31,Brabant wallon,2009,10.32,733.8,719.8,15.4,330.0,567.5,22,9,125
BE31,Brabant wallon,2010,9.05,814.9,687.8,14.38,409.3,545.6,20,12,117
BE31,Brabant wallon,2011,11.07,666.2,734.1,15.43,365.2,568.0,18,6,113
BE31,Brabant wallon,2012,10.16,849.7,681.6,14.45,433.8,525.8,16,9,101
BE31,Brabant wallon,2013,9.7,717.2,677.1,14.56,326.7,528.5,28,7,123
BE31,Brabant wallon,2014,11.41,836.2,701.2,15.2,464.0,520.9,10,12,105
BE31,Brabant wallon,2015,10.83,705.6,731.2,14.83,346.3,570.7,27,8,112
BE31,Brabant wallon,2016,10.62,804.5,688.4,15.52,414.5,537.0,18,8,113
BE31,Brabant wallon,2017,10.73,764.6,716.9,15.11,385.5,552.1,21,11,103
BE31,Brabant wallon,2018,11.3,628.9,818.3,16.7,237.0,651.1,46,4,136
BE31,Brabant wallon,2019,10.96,796.4,769.0,15.3,326.5,603.9,28,7,117
BE31,Brabant wallon,2020,11.58,781.9,826.9,16.02,296.1,656.9,30,9,128
BE31,Brabant wallon,2021,9.98,1003.0,670.1,14.09,553.8,513.9,7,15,103
BE31,Brabant wallon,2022,11.56,687.5,850.7,16.0,314.1,658.7,39,7,132
BE31,Brabant wallon,2023,11.51,1005.1,774.6,15.79,455.8,608.7,34,12,106
BE31,Brabant wallon,2024,11.25,1070.4,690.1,15.35,563.5,533.6,21,14,82
BE32,Hainaut,2000,11.02,930.8,665.4,15.04,517.4,505.6,12,14,98
BE32,Hainaut,2001,10.59,958.2,678.5,14.79,459.7,530.6,24,9,103
BE32,Hainaut,2002,11.21,925.4,680.0,15.05,379.5,511.6,13,10,116
BE32,Hainaut,2003,11.11,614.7,796.5,16.44,321.6,625.2,37,9,134
BE32,Hainaut,2004,10.66,657.0,715.9,15.25,333.2,550.8,22,5,107
BE32,Hainaut,2005,10.94,658.1,700.3,15.35,394.0,535.0,30,8,109
BE32,Hainaut,2006,11.23,746.2,713.1,16.08,401.8,552.8,34,8,109
BE32,Hainaut,2007,11.27,805.1,687.7,15.52,414.4,528.7,9,7,103
BE32,Hainaut,2008,10.63,811.9,685.8,14.98,418.5,529.6,14,14,111
BE32,Hainaut,2009,10.79,740.1,729.0,15.83,312.0,576.0,25,8,123
BE32,Hainaut,2010,9.52,793.9,691.9,14.79,390.5,547.6,21,10,116
BE32,Hainaut,2011,11.54,622.7,740.6,15.81,305.9,573.3,18,5,123
BE32,Hainaut,2012,10.56,829.5,684.2,14.8,413.9,526.2,19,11,103
BE32,Hainaut,2013,10.14,725.5,676.8,14.89,328.2,528.1,28,8,123
BE32,Hainaut,2014,11.79,794.8,705.1,15.56,413.1,524.2,14,9,110
BE32,Hainaut,2015,11.27,677.3,740.4,15.28,298.8,579.4,31,6,118
BE32,Hainaut,2016,11.03,793.6,693.4,15.87,401.1,540.3,21,8,113
BE32,Hainaut,2017,11.1,752.6,728.2,15.47,342.9,562.8,24,10,112
BE32,Hainaut,2018,11.64,692.9,821.1,16.94,278.0,651.0,45,6,137
BE32,Hainaut,2019,11.25,851.2,764.3,15.48,338.1,596.9,31,7,119
BE32,Hainaut,2020,11.93,815.0,828.2,16.35,308.6,656.1,33,8,127
BE32,Hainaut,2021,10.32,1011.9,678.6,14.42,512.5,521.1,13,17,99
BE32,Hainaut,2022,11.93,713.2,855.5,16.38,332.5,661.2,47,11,128
BE32,Hainaut,2023,11.86,1068.7,777.0,16.06,497.6,604.6,39,18,112
BE32,Hainaut,2024,11.61,1081.5,701.2,15.67,570.3,542.0,26,10,85
BE33,Liège,2000,10.94,942.8,649.7,15.14,528.6,498.2,14,13,100
BE33,Liège,2001,10.46,972.2,671.0,14.79,459.5,526.5,23,9,98
BE33,Liège,2002,11.07,929.3,668.8,15.16,383.0,507.5,16,10,115
BE33,Liège,2003,11.0,669.4,791.5,16.57,350.0,624.5,40,12,128
BE33,Liège,2004,10.26,818.8,683.4,15.03,447.6,528.3,22,8,100
BE33,Liège,2005,10.74,726.3,702.7,15.51,396.1,547.9,36,10,110
BE33,Liège,2006,11.11,819.7,709.9,16.15,457.9,556.3,39,11,98
BE33,Liège,2007,11.11,931.7,678.9,15.56,498.6,528.6,15,14,106
BE33,Liège,2008,10.47,856.0,664.3,14.98,446.6,516.0,15,15,112
BE33,Liège,2009,10.55,802.5,699.0,15.85,346.6,558.2,24,8,119
BE33,Liège,2010,9.26,843.9,678.5,14.78,421.4,541.0,26,11,110
BE33,Liège,2011,11.36,713.7,728.8,15.96,382.2,566.4,17,10,112
BE33,Liège,2012,10.49,871.1,676.8,15.0,417.4,525.1,20,10,104
BE33,Liège,2013,9.97,746.2,665.4,15.0,356.2,522.7,28,10,115
BE33,Liège,2014,11.78,845.0,695.8,15.66,482.3,521.2,15,9,104
BE33,Liège,2015,11.14,803.0,721.7,15.36,379.4,571.0,30,9,112
BE33,Liège,2016,10.85,873.5,671.7,15.94,453.4,531.0,20,12,107
BE33,Liège,2017,10.61,897.8,697.4,15.16,464.6,535.8,23,12,99
BE33,Liège,2018,11.25,719.5,802.2,16.8,294.3,633.7,53,6,125
BE33,Liège,2019,10.95,838.8,765.2,15.47,346.2,599.5,31,7,115
BE33,Liège,2020,11.63,824.0,825.7,16.23,325.4,653.3,35,6,126
BE33,Liège,2021,9.98,1003.9,671.7,14.2,551.9,511.3,11,13,98
BE33,Liège,2022,11.48,783.9,833.9,15.95,358.3,642.2,39,10,119
BE33,Liège,2023,11.43,1191.7,769.2,15.84,586.1,603.3,36,16,102
BE33,Liège,2024,11.25,1178.2,692.7,15.49,649.1,531.0,22,18,84
BE34,Luxembourg,2000,8.42,1178.6,572.1,12.75,602.5,460.2,3,16,94
BE34,Luxembourg,2001,7.97,1192.3,590.4,12.27,579.1,472.2,12,13,84
BE34,Luxembourg,2002,8.56,1149.0,610.9,12.79,427.7,484.1,8,9,106
BE34,Luxembourg,2003,8.47,841.3,729.7,14.25,432.4,588.0,18,15,125
BE34,Luxembourg,2004,7.7,941.6,615.8,12.62,516.3,490.9,6,13,90
BE34,Luxembourg,2005,8.14,801.3,635.7,13.21,432.3,507.8,15,10,107
BE34,Luxembourg,2006,8.61,1063.5,634.7,13.7,571.2,510.8,15,16,96
BE34,Luxembourg,2007,8.65,1178.1,605.7,13.16,593.7,482.1,1,20,97
BE34,Luxembourg,2008,7.93,1137.6,587.0,12.52,543.2,469.1,2,18,104
BE34,Luxembourg,2009,8.09,1049.5,623.9,13.46,504.4,511.1,6,15,111
BE34,Luxembourg,2010,6.9,970.0,617.2,12.48,489.2,498.3,9,13,108
BE34,Luxembourg,2011,8.94,892.2,663.8,13.6,458.4,527.4,6,11,99
BE34,Luxembourg,2012,8.04,1131.2,603.3,12.57,609.1,472.8,9,18,87
BE34,Luxembourg,2013,7.5,1005.1,586.1,12.6,524.2,475.2,13,16,103
BE34,Luxembourg,2014,9.24,1010.0,626.5,13.3,505.1,493.8,5,14,102
BE34,Luxembourg,2015,8.75,918.0,654.2,13.25,457.7,538.1,21,15,111
BE34,Luxembourg,2016,8.34,1068.7,602.4,13.51,547.9,486.8,10,18,95
BE34,Luxembourg,2017,8.48,977.5,625.5,13.24,449.4,501.3,13,8,96
BE34,Luxembourg,2018,9.43,931.1,748.7,15.15,343.1,613.2,19,8,119
BE34,Luxembourg,2019,9.0,1185.0,703.0,13.68,426.3,575.4,19,8,112
BE34,Luxembourg,2020,9.61,1181.9,742.6,14.45,348.2,623.1,21,10,123
BE34,Luxembourg,2021,7.96,1125.2,603.9,12.34,582.3,476.2,4,15,90
BE34,Luxembourg,2022,9.57,929.7,768.6,14.22,373.6,618.5,24,12,124
BE34,Luxembourg,2023,9.4,1271.8,681.8,14.03,473.9,564.1,20,16,115
BE34,Luxembourg,2024,9.14,1363.3,597.4,13.42,669.2,478.7,15,22,81
BE35,Namur,2000,10.83,958.0,652.3,14.92,554.0,497.4,13,16,96
BE35,Namur,2001,10.41,991.4,676.8,14.69,488.3,530.5,23,12,97
BE35,Namur,2002,10.99,966.3,674.6,14.96,426.1,509.8,14,13,113
BE35,Namur,2003,10.9,652.7,794.0,16.35,346.6,625.0,39,9,126
BE35,Namur,2004,10.3,733.5,700.0,15.01,388.5,541.0,21,6,104
BE35,Namur,2005,10.72,672.3,705.6,15.33,381.8,544.3,33,10,107
BE35,Namur,2006,10.99,785.5,705.9,15.95,423.6,550.0,33,9,103
BE35,Namur,2007,11.05,885.3,682.3,15.41,475.2,528.4,11,10,101
BE35,Namur,2008,10.39,839.3,670.7,14.8,436.4,517.7,14,11,108
BE35,Namur,2009,10.49,804.3,707.9,15.64,375.7,561.4,22,12,116
BE35,Namur,2010,9.29,823.9,689.1,14.7,424.8,546.5,24,11,112
BE35,Namur,2011,11.3,716.5,734.3,15.77,397.1,570.1,18,9,106
BE35,Namur,2012,10.39,880.7,677.7,14.75,460.9,522.7,16,13,95
BE35,Namur,2013,9.89,742.0,669.6,14.82,349.6,524.3,28,8,118
BE35,Namur,2014,11.65,826.3,701.8,15.49,441.4,526.5,14,10,109
BE35,Namur,2015,11.05,734.9,724.8,15.15,352.8,570.1,29,9,110
BE35,Namur,2016,10.78,839.1,679.5,15.79,425.7,533.4,18,8,109
BE35,Namur,2017,10.47,807.0,700.4,14.96,408.0,541.3,23,11,103
BE35,Namur,2018,11.15,686.1,812.0,16.64,264.7,646.6,45,3,128
BE35,Namur,2019,10.73,841.9,755.6,15.15,331.7,594.2,26,8,116
BE35,Namur,2020,11.39,833.9,811.7,15.98,304.4,650.8,32,8,129
BE35,Namur,2021,9.76,1038.2,660.5,13.96,592.7,507.5,10,14,98
BE35,Namur,2022,11.3,678.1,828.0,15.72,281.4,640.0,41,7,133
BE35,Namur,2023,11.24,1073.5,758.1,15.57,494.9,597.7,32,17,111
BE35,Namur,2024,11.04,1097.8,680.2,15.21,593.9,525.4,25,18,84
