geo,geo_label,year,month,temp_mean_c,temp_max_c,precip_mm,et0_mm
BE3,Wallonie,2000,1,2.91,5.04,43.5,11.6
BE3,Wallonie,2000,2,4.97,7.9,75.9,24.4
BE3,Wallonie,2000,3,6.24,9.41,69.2,35.9
BE3,Wallonie,2000,4,9.49,13.67,67.0,68.6
BE3,Wallonie,2000,5,14.24,18.04,109.6,88.5
BE3,Wallonie,2000,6,15.89,20.08,57.0,109.7
BE3,Wallonie,2000,7,14.69,18.16,175.9,72.7
BE3,Wallonie,2000,8,17.31,21.46,66.6,96.2
BE3,Wallonie,2000,9,15.32,18.75,74.5,56.3
BE3,Wallonie,2000,10,10.86,13.57,81.2,37.6
BE3,Wallonie,2000,11,7.14,9.11,97.0,20.3
BE3,Wallonie,2000,12,5.22,7.29,71.8,18.1
BE3,Wallonie,2001,1,2.86,5.29,107.7,16.1
BE3,Wallonie,2001,2,3.91,6.82,74.9,21.8
BE3,Wallonie,2001,3,6.05,9.37,131.6,32.8
BE3,Wallonie,2001,4,7.42,11.03,121.1,54.4
BE3,Wallonie,2001,5,13.83,18.2,27.4,104.4
BE3,Wallonie,2001,6,14.66,18.75,57.1,101.5
BE3,Wallonie,2001,7,18.09,22.05,85.4,110.2
BE3,Wallonie,2001,8,18.56,22.81,73.0,102.6
BE3,Wallonie,2001,9,12.32,15.4,128.8,45.2
BE3,Wallonie,2001,10,14.02,17.13,47.8,44.4
BE3,Wallonie,2001,11,5.32,7.97,85.9,15.1
BE3,Wallonie,2001,12,1.47,4.05,73.3,10.7
BE3,Wallonie,2002,1,3.19,5.41,65.2,15.9
BE3,Wallonie,2002,2,6.23,8.87,151.9,28.5
BE3,Wallonie,2002,3,6.79,10.86,65.1,46.0
BE3,Wallonie,2002,4,8.81,13.27,45.6,74.1
BE3,Wallonie,2002,5,12.9,16.64,66.6,86.1
BE3,Wallonie,2002,6,16.64,20.71,55.5,105.7
BE3,Wallonie,2002,7,17.03,20.86,87.7,95.5
BE3,Wallonie,2002,8,17.93,21.66,112.3,81.0
BE3,Wallonie,2002,9,13.71,17.6,36.7,61.3
BE3,Wallonie,2002,10,10.39,13.35,78.4,38.6
BE3,Wallonie,2002,11,8.14,10.41,107.3,17.2
BE3,Wallonie,2002,12,4.21,6.38,103.5,11.6
BE3,Wallonie,2003,1,1.38,3.82,75.5,13.4
BE3,Wallonie,2003,2,1.08,5.26,21.6,26.5
BE3,Wallonie,2003,3,7.39,12.03,42.4,55.2
BE3,Wallonie,2003,4,9.28,13.98,55.6,82.8
BE3,Wallonie,2003,5,13.23,17.15,91.0,90.5
BE3,Wallonie,2003,6,18.73,23.26,58.1,120.1
BE3,Wallonie,2003,7,18.74,22.85,79.3,119.2
BE3,Wallonie,2003,8,20.49,25.41,43.8,124.1
BE3,Wallonie,2003,9,14.92,19.91,27.5,79.7
BE3,Wallonie,2003,10,7.79,11.18,63.8,36.2
BE3,Wallonie,2003,11,7.93,10.54,38.6,20.3
BE3,Wallonie,2003,12,3.57,6.14,81.1,12.0
BE3,Wallonie,2004,1,2.31,4.49,119.1,12.8
BE3,Wallonie,2004,2,3.76,6.48,50.3,25.6
BE3,Wallonie,2004,3,4.97,9.01,39.6,46.0
BE3,Wallonie,2004,4,9.51,13.66,57.0,68.7
BE3,Wallonie,2004,5,11.63,15.77,53.4,90.0
BE3,Wallonie,2004,6,15.4,19.42,66.3,100.5
BE3,Wallonie,2004,7,16.76,20.62,91.8,102.0
BE3,Wallonie,2004,8,18.46,22.31,98.5,94.2
BE3,Wallonie,2004,9,15.37,19.19,42.2,75.3
BE3,Wallonie,2004,10,11.6,14.87,44.2,45.1
BE3,Wallonie,2004,11,5.87,8.33,55.2,15.1
BE3,Wallonie,2004,12,2.0,4.49,52.7,8.9
BE3,Wallonie,2005,1,3.62,5.98,45.1,16.6
BE3,Wallonie,2005,2,1.02,3.82,71.7,18.3
BE3,Wallonie,2005,3,5.83,9.52,43.2,43.5
BE3,Wallonie,2005,4,9.68,13.6,70.6,62.2
BE3,Wallonie,2005,5,12.53,16.62,79.4,95.3
BE3,Wallonie,2005,6,17.27,21.81,40.1,119.8
BE3,Wallonie,2005,7,17.91,21.8,92.3,103.7
BE3,Wallonie,2005,8,15.91,19.77,75.2,83.7
BE3,Wallonie,2005,9,15.89,19.96,41.9,69.8
BE3,Wallonie,2005,10,13.73,17.55,48.9,47.5
BE3,Wallonie,2005,11,5.9,8.19,52.7,19.0
BE3,Wallonie,2005,12,2.55,4.43,41.9,9.7
BE3,Wallonie,2006,1,0.83,3.74,21.3,15.3
BE3,Wallonie,2006,2,1.63,4.38,73.8,16.6
BE3,Wallonie,2006,3,3.37,7.2,82.8,39.5
BE3,Wallonie,2006,4,8.31,12.39,64.6,62.8
BE3,Wallonie,2006,5,13.37,17.08,116.4,84.2
BE3,Wallonie,2006,6,16.19,20.47,47.7,108.5
BE3,Wallonie,2006,7,21.95,26.63,43.5,146.1
BE3,Wallonie,2006,8,15.46,18.91,154.9,70.8
BE3,Wallonie,2006,9,17.7,21.7,25.3,72.4
BE3,Wallonie,2006,10,13.77,16.79,55.5,42.7
BE3,Wallonie,2006,11,8.47,10.95,68.3,21.2
BE3,Wallonie,2006,12,5.0,7.09,77.5,15.5
BE3,Wallonie,2007,1,5.99,7.88,84.8,18.5
BE3,Wallonie,2007,2,5.9,8.73,90.3,21.9
BE3,Wallonie,2007,3,6.78,10.77,83.6,47.1
BE3,Wallonie,2007,4,12.73,18.34,2.6,99.6
BE3,Wallonie,2007,5,14.27,18.19,95.7,96.9
BE3,Wallonie,2007,6,16.78,20.24,110.8,91.9
BE3,Wallonie,2007,7,16.39,19.79,128.6,96.2
BE3,Wallonie,2007,8,16.19,19.74,89.0,81.1
BE3,Wallonie,2007,9,13.34,16.77,55.9,53.6
BE3,Wallonie,2007,10,9.9,13.07,53.0,32.1
BE3,Wallonie,2007,11,5.48,7.92,52.2,16.6
BE3,Wallonie,2007,12,3.03,5.58,76.6,12.8
BE3,Wallonie,2008,1,5.17,7.3,67.7,18.9
BE3,Wallonie,2008,2,4.66,8.64,50.5,27.6
BE3,Wallonie,2008,3,5.25,8.29,142.8,40.7
BE3,Wallonie,2008,4,8.02,11.91,62.5,61.4
BE3,Wallonie,2008,5,15.16,19.4,70.1,110.0
BE3,Wallonie,2008,6,15.48,19.47,100.9,94.5
BE3,Wallonie,2008,7,17.21,20.88,82.4,100.8
BE3,Wallonie,2008,8,17.12,20.52,82.3,85.1
BE3,Wallonie,2008,9,13.01,16.65,54.5,59.2
BE3,Wallonie,2008,10,9.78,13.04,72.7,32.7
BE3,Wallonie,2008,11,6.14,8.54,58.9,16.7
BE3,Wallonie,2008,12,1.84,4.04,38.7,9.9
BE3,Wallonie,2009,1,-0.27,2.8,60.3,14.5
BE3,Wallonie,2009,2,2.39,5.01,62.1,15.4
BE3,Wallonie,2009,3,5.34,9.13,67.6,41.4
BE3,Wallonie,2009,4,11.29,15.68,58.3,72.9
BE3,Wallonie,2009,5,13.33,17.35,79.8,88.2
BE3,Wallonie,2009,6,15.14,19.04,75.4,102.0
BE3,Wallonie,2009,7,17.82,21.69,79.0,111.6
BE3,Wallonie,2009,8,18.56,23.26,49.4,114.2
BE3,Wallonie,2009,9,15.14,19.16,31.7,65.9
BE3,Wallonie,2009,10,10.6,13.76,54.5,36.3
BE3,Wallonie,2009,11,8.75,10.83,116.0,23.3
BE3,Wallonie,2009,12,2.07,4.44,91.8,10.2
BE3,Wallonie,2010,1,-0.81,1.11,47.8,10.4
BE3,Wallonie,2010,2,1.58,4.28,87.2,17.6
BE3,Wallonie,2010,3,5.32,8.94,50.2,45.1
BE3,Wallonie,2010,4,8.86,13.66,26.3,76.4
BE3,Wallonie,2010,5,10.26,14.2,66.6,80.6
BE3,Wallonie,2010,6,16.48,20.92,34.8,113.9
BE3,Wallonie,2010,7,19.8,24.28,82.3,127.7
BE3,Wallonie,2010,8,16.47,19.93,149.6,80.5
BE3,Wallonie,2010,9,13.37,16.87,67.4,56.7
BE3,Wallonie,2010,10,9.99,13.37,47.5,41.4
BE3,Wallonie,2010,11,5.65,7.59,110.3,15.2
BE3,Wallonie,2010,12,-1.73,0.19,79.3,7.5
BE3,Wallonie,2011,1,2.72,5.01,81.6,11.3
BE3,Wallonie,2011,2,4.28,7.14,41.0,19.6
BE3,Wallonie,2011,3,6.31,10.98,19.4,51.2
BE3,Wallonie,2011,4,12.79,17.89,24.9,92.9
BE3,Wallonie,2011,5,14.52,19.29,26.5,122.0
BE3,Wallonie,2011,6,16.04,20.18,88.3,102.3
BE3,Wallonie,2011,7,15.43,18.95,79.9,92.7
BE3,Wallonie,2011,8,17.09,20.89,120.8,84.3
BE3,Wallonie,2011,9,15.97,19.94,41.3,66.8
BE3,Wallonie,2011,10,11.43,15.07,29.2,43.5
BE3,Wallonie,2011,11,8.07,11.63,12.9,19.8
BE3,Wallonie,2011,12,5.11,7.28,156.5,13.8
BE3,Wallonie,2012,1,3.92,6.27,92.2,13.7
BE3,Wallonie,2012,2,-0.35,2.72,29.0,19.2
BE3,Wallonie,2012,3,7.8,12.42,35.0,49.7
BE3,Wallonie,2012,4,7.72,11.69,85.0,60.1
BE3,Wallonie,2012,5,13.79,17.95,65.0,95.2
BE3,Wallonie,2012,6,14.91,18.45,112.3,84.0
BE3,Wallonie,2012,7,16.63,20.27,122.8,99.9
BE3,Wallonie,2012,8,18.58,22.78,31.9,109.0
BE3,Wallonie,2012,9,14.03,18.1,50.0,66.2
BE3,Wallonie,2012,10,10.68,13.91,128.6,37.3
BE3,Wallonie,2012,11,6.69,8.92,47.2,17.5
BE3,Wallonie,2012,12,4.19,6.23,113.5,12.8
BE3,Wallonie,2013,1,1.42,3.34,57.8,11.2
BE3,Wallonie,2013,2,0.21,2.83,46.4,18.0
BE3,Wallonie,2013,3,1.93,5.6,51.7,37.7
BE3,Wallonie,2013,4,7.91,11.93,32.1,64.5
BE3,Wallonie,2013,5,10.75,14.4,112.7,71.3
BE3,Wallonie,2013,6,15.19,19.23,59.2,94.7
BE3,Wallonie,2013,7,19.69,24.07,39.2,125.2
BE3,Wallonie,2013,8,18.09,22.12,47.5,99.7
BE3,Wallonie,2013,9,14.45,18.19,86.3,60.5
BE3,Wallonie,2013,10,12.45,15.38,73.8,40.4
BE3,Wallonie,2013,11,5.66,7.8,107.8,14.2
BE3,Wallonie,2013,12,4.8,7.3,72.6,17.7
BE3,Wallonie,2014,1,5.18,7.36,69.7,17.4
BE3,Wallonie,2014,2,5.51,8.22,77.0,26.0
BE3,Wallonie,2014,3,7.75,12.82,21.2,57.8
BE3,Wallonie,2014,4,11.43,15.89,26.0,75.5
BE3,Wallonie,2014,5,12.82,16.76,74.3,92.8
BE3,Wallonie,2014,6,16.12,20.21,68.6,108.6
BE3,Wallonie,2014,7,18.64,22.52,128.6,103.9
BE3,Wallonie,2014,8,15.73,19.15,124.9,78.5
BE3,Wallonie,2014,9,15.44,19.25,38.7,58.0
BE3,Wallonie,2014,10,13.04,16.04,86.9,37.0
BE3,Wallonie,2014,11,8.47,11.22,58.8,20.0
BE3,Wallonie,2014,12,3.6,5.58,87.6,10.5
BE3,Wallonie,2015,1,2.57,4.93,95.3,13.6
BE3,Wallonie,2015,2,2.36,5.63,55.2,20.5
BE3,Wallonie,2015,3,5.68,9.71,63.7,41.9
BE3,Wallonie,2015,4,9.01,13.81,44.9,77.0
BE3,Wallonie,2015,5,12.21,16.11,56.9,86.7
BE3,Wallonie,2015,6,16.03,20.37,38.7,118.3
BE3,Wallonie,2015,7,18.93,23.16,69.7,118.0
BE3,Wallonie,2015,8,19.12,23.69,78.3,107.5
BE3,Wallonie,2015,9,13.15,16.79,78.6,58.4
BE3,Wallonie,2015,10,9.98,13.03,40.3,30.6
BE3,Wallonie,2015,11,9.09,11.62,92.0,22.6
BE3,Wallonie,2015,12,8.5,10.46,54.2,19.4
BE3,Wallonie,2016,1,3.75,5.98,108.9,14.1
BE3,Wallonie,2016,2,3.97,6.84,105.6,23.5
BE3,Wallonie,2016,3,4.44,7.98,79.9,38.5
BE3,Wallonie,2016,4,8.17,12.31,74.1,66.1
BE3,Wallonie,2016,5,13.43,17.49,96.8,92.5
BE3,Wallonie,2016,6,16.27,19.87,140.9,83.8
BE3,Wallonie,2016,7,18.14,21.83,58.3,105.0
BE3,Wallonie,2016,8,18.27,22.39,59.4,98.7
BE3,Wallonie,2016,9,17.55,21.93,19.0,79.6
BE3,Wallonie,2016,10,9.96,13.31,43.8,34.5
BE3,Wallonie,2016,11,5.95,8.27,70.0,18.3
BE3,Wallonie,2016,12,3.78,6.5,19.1,12.4
BE3,Wallonie,2017,1,-0.56,2.23,59.4,13.4
BE3,Wallonie,2017,2,5.02,7.93,56.1,20.7
BE3,Wallonie,2017,3,8.2,12.42,68.0,53.1
BE3,Wallonie,2017,4,7.51,11.78,26.0,65.9
BE3,Wallonie,2017,5,14.41,19.17,59.7,104.0
BE3,Wallonie,2017,6,18.2,22.51,58.5,123.3
BE3,Wallonie,2017,7,17.86,21.86,86.9,106.6
BE3,Wallonie,2017,8,17.32,21.22,83.9,83.6
BE3,Wallonie,2017,9,13.27,16.89,95.1,55.3
BE3,Wallonie,2017,10,12.36,15.27,37.8,40.6
BE3,Wallonie,2017,11,5.81,8.33,89.0,17.0
BE3,Wallonie,2017,12,3.56,5.66,119.5,10.2
BE3,Wallonie,2018,1,5.03,7.31,122.7,15.2
BE3,Wallonie,2018,2,-0.57,2.89,30.9,24.6
BE3,Wallonie,2018,3,4.34,8.03,78.8,37.1
BE3,Wallonie,2018,4,11.76,16.44,57.2,78.8
BE3,Wallonie,2018,5,14.98,20.08,46.7,111.3
BE3,Wallonie,2018,6,16.83,20.79,48.1,101.6
BE3,Wallonie,2018,7,21.2,26.2,13.5,154.7
BE3,Wallonie,2018,8,18.94,23.59,55.3,115.7
BE3,Wallonie,2018,9,14.77,19.56,62.6,77.1
BE3,Wallonie,2018,10,11.86,15.86,38.0,50.4
BE3,Wallonie,2018,11,6.68,9.7,56.4,21.8
BE3,Wallonie,2018,12,4.74,7.24,121.6,12.3
BE3,Wallonie,2019,1,1.74,3.91,73.1,11.7
BE3,Wallonie,2019,2,5.57,9.83,52.2,31.5
BE3,Wallonie,2019,3,7.04,10.54,110.6,45.3
BE3,Wallonie,2019,4,9.46,14.29,46.6,75.3
BE3,Wallonie,2019,5,10.73,14.79,70.6,83.1
BE3,Wallonie,2019,6,17.99,22.7,69.7,126.2
BE3,Wallonie,2019,7,18.81,23.36,40.6,130.7
BE3,Wallonie,2019,8,18.48,23.07,66.5,108.4
BE3,Wallonie,2019,9,14.52,18.57,59.7,70.2
BE3,Wallonie,2019,10,11.54,14.44,116.0,36.4
BE3,Wallonie,2019,11,5.77,8.35,95.0,15.8
BE3,Wallonie,2019,12,4.95,7.25,101.9,16.7
BE3,Wallonie,2020,1,4.69,7.19,53.9,15.9
BE3,Wallonie,2020,2,5.97,8.73,166.2,27.8
BE3,Wallonie,2020,3,5.9,9.69,93.9,49.1
BE3,Wallonie,2020,4,11.65,17.1,17.1,101.4
BE3,Wallonie,2020,5,13.03,18.09,32.0,119.5
BE3,Wallonie,2020,6,16.62,20.82,74.6,115.3
BE3,Wallonie,2020,7,17.13,21.29,51.7,112.9
BE3,Wallonie,2020,8,20.4,25.05,54.4,121.5
BE3,Wallonie,2020,9,15.9,20.59,86.7,77.4
BE3,Wallonie,2020,10,10.59,12.94,109.9,32.6
BE3,Wallonie,2020,11,8.12,11.12,32.6,22.8
BE3,Wallonie,2020,12,4.66,6.42,114.3,10.7
BE3,Wallonie,2021,1,1.82,3.84,129.7,11.3
BE3,Wallonie,2021,2,4.43,7.87,58.5,31.1
BE3,Wallonie,2021,3,5.65,9.73,65.0,47.8
BE3,Wallonie,2021,4,5.92,10.43,41.7,68.4
BE3,Wallonie,2021,5,10.47,14.4,94.8,84.9
BE3,Wallonie,2021,6,17.76,21.84,126.6,109.8
BE3,Wallonie,2021,7,16.97,20.53,156.4,94.9
BE3,Wallonie,2021,8,15.95,19.42,107.2,79.5
BE3,Wallonie,2021,9,15.69,19.77,31.9,68.5
BE3,Wallonie,2021,10,10.66,14.26,95.4,38.2
BE3,Wallonie,2021,11,5.02,7.63,47.0,13.5
BE3,Wallonie,2021,12,4.54,6.44,82.1,9.0
BE3,Wallonie,2022,1,2.86,5.52,77.1,12.0
BE3,Wallonie,2022,2,5.22,8.41,87.2,27.2
BE3,Wallonie,2022,3,6.97,12.27,17.3,62.9
BE3,Wallonie,2022,4,8.77,13.08,37.1,75.7
BE3,Wallonie,2022,5,14.47,19.45,52.2,112.2
BE3,Wallonie,2022,6,16.94,21.65,98.7,116.9
BE3,Wallonie,2022,7,18.75,23.84,18.4,138.4
BE3,Wallonie,2022,8,20.54,25.74,31.8,133.6
BE3,Wallonie,2022,9,14.21,18.28,93.8,67.4
BE3,Wallonie,2022,10,13.48,17.28,67.6,46.5
BE3,Wallonie,2022,11,8.24,10.59,76.9,21.9
BE3,Wallonie,2022,12,3.11,5.34,100.4,12.7
BE3,Wallonie,2023,1,3.95,6.04,103.7,14.8
BE3,Wallonie,2023,2,4.48,7.68,18.4,22.7
BE3,Wallonie,2023,3,6.32,9.64,142.3,40.3
BE3,Wallonie,2023,4,7.65,11.65,85.5,58.3
BE3,Wallonie,2023,5,12.64,17.2,55.3,98.4
BE3,Wallonie,2023,6,19.26,24.11,53.5,148.3
BE3,Wallonie,2023,7,17.87,21.81,120.2,117.4
BE3,Wallonie,2023,8,17.38,21.28,110.7,91.2
BE3,Wallonie,2023,9,17.89,22.46,76.4,82.0
BE3,Wallonie,2023,10,12.84,16.3,118.9,46.0
BE3,Wallonie,2023,11,6.8,9.01,142.2,18.0
BE3,Wallonie,2023,12,5.56,7.38,94.9,14.7
BE3,Wallonie,2024,1,2.23,4.77,82.3,18.0
BE3,Wallonie,2024,2,7.13,9.57,125.5,20.9
BE3,Wallonie,2024,3,8.11,11.73,90.4,45.7
BE3,Wallonie,2024,4,9.69,13.42,87.3,65.4
BE3,Wallonie,2024,5,13.75,17.71,145.2,83.6
BE3,Wallonie,2024,6,14.98,18.89,89.1,96.6
BE3,Wallonie,2024,7,17.68,21.76,90.9,107.2
BE3,Wallonie,2024,8,19.09,23.51,81.4,106.5
BE3,Wallonie,2024,9,14.8,18.64,115.3,62.8
BE3,Wallonie,2024,10,11.98,15.3,102.3,35.8
BE3,Wallonie,2024,11,6.57,9.37,63.2,18.9
BE3,Wallonie,2024,12,4.11,6.38,85.3,10.9
BE31,Brabant wallon,2000,1,3.49,5.63,35.7,13.3
BE31,Brabant wallon,2000,2,5.45,8.4,64.0,27.0
BE31,Brabant wallon,2000,3,6.61,9.8,56.4,37.7
BE31,Brabant wallon,2000,4,9.63,13.92,66.5,69.5
BE31,Brabant wallon,2000,5,14.41,18.25,108.1,90.5
BE31,Brabant wallon,2000,6,15.96,20.13,57.0,109.7
BE31,Brabant wallon,2000,7,14.89,18.3,177.4,73.1
BE31,Brabant wallon,2000,8,17.34,21.61,69.8,96.7
BE31,Brabant wallon,2000,9,15.7,19.1,71.9,59.0
BE31,Brabant wallon,2000,10,11.21,13.96,74.2,41.2
BE31,Brabant wallon,2000,11,7.45,9.48,90.2,22.7
BE31,Brabant wallon,2000,12,5.37,7.5,65.0,19.1
BE31,Brabant wallon,2001,1,2.93,5.4,98.4,16.3
BE31,Brabant wallon,2001,2,4.23,7.16,71.7,22.6
BE31,Brabant wallon,2001,3,6.14,9.55,115.8,34.2
BE31,Brabant wallon,2001,4,7.73,11.42,110.4,56.8
BE31,Brabant wallon,2001,5,13.82,18.28,24.2,106.0
BE31,Brabant wallon,2001,6,14.9,19.08,46.0,104.5
BE31,Brabant wallon,2001,7,18.31,22.28,76.4,112.5
BE31,Brabant wallon,2001,8,18.76,23.04,75.5,103.4
BE31,Brabant wallon,2001,9,12.73,15.95,144.4,48.6
BE31,Brabant wallon,2001,10,14.27,17.45,49.0,47.0
BE31,Brabant wallon,2001,11,5.91,8.59,78.6,16.2
BE31,Brabant wallon,2001,12,1.9,4.51,64.5,11.2
BE31,Brabant wallon,2002,1,3.97,6.28,57.4,17.8
BE31,Brabant wallon,2002,2,6.68,9.36,128.6,32.2
BE31,Brabant wallon,2002,3,7.05,11.09,59.9,46.4
BE31,Brabant wallon,2002,4,9.01,13.56,38.1,75.4
BE31,Brabant wallon,2002,5,13.1,16.93,66.6,87.1
BE31,Brabant wallon,2002,6,16.61,20.84,61.7,105.3
BE31,Brabant wallon,2002,7,17.14,20.97,89.1,95.7
BE31,Brabant wallon,2002,8,18.06,21.87,117.9,81.3
BE31,Brabant wallon,2002,9,14.03,17.94,32.5,61.0
BE31,Brabant wallon,2002,10,10.61,13.65,58.2,41.1
BE31,Brabant wallon,2002,11,8.35,10.82,95.1,18.4
BE31,Brabant wallon,2002,12,4.31,6.53,104.3,12.1
BE31,Brabant wallon,2003,1,1.98,4.48,61.2,15.1
BE31,Brabant wallon,2003,2,1.84,6.16,18.9,27.8
BE31,Brabant wallon,2003,3,7.55,12.29,42.6,55.5
BE31,Brabant wallon,2003,4,9.56,14.42,46.5,84.4
BE31,Brabant wallon,2003,5,13.37,17.42,74.2,92.8
BE31,Brabant wallon,2003,6,18.72,23.4,63.6,121.2
BE31,Brabant wallon,2003,7,18.88,23.08,83.2,119.5
BE31,Brabant wallon,2003,8,20.26,25.09,35.4,121.2
BE31,Brabant wallon,2003,9,15.11,20.23,22.4,80.3
BE31,Brabant wallon,2003,10,7.98,11.57,50.5,37.6
BE31,Brabant wallon,2003,11,8.18,10.94,37.9,20.8
BE31,Brabant wallon,2003,12,3.87,6.43,76.3,12.2
BE31,Brabant wallon,2004,1,2.88,5.15,106.7,14.3
BE31,Brabant wallon,2004,2,4.25,6.96,50.1,27.5
BE31,Brabant wallon,2004,3,5.38,9.58,33.6,47.9
BE31,Brabant wallon,2004,4,9.73,14.02,46.7,69.7
BE31,Brabant wallon,2004,5,11.83,16.06,45.7,90.1
BE31,Brabant wallon,2004,6,15.66,19.8,61.5,102.5
BE31,Brabant wallon,2004,7,16.93,20.91,85.0,104.2
BE31,Brabant wallon,2004,8,18.72,22.7,85.8,96.9
BE31,Brabant wallon,2004,9,15.72,19.7,35.7,78.6
BE31,Brabant wallon,2004,10,11.88,15.3,40.3,48.6
BE31,Brabant wallon,2004,11,6.25,8.88,62.9,16.2
BE31,Brabant wallon,2004,12,2.56,4.82,46.7,9.2
BE31,Brabant wallon,2005,1,4.23,6.72,33.6,19.0
BE31,Brabant wallon,2005,2,1.81,4.63,65.0,20.2
BE31,Brabant wallon,2005,3,6.3,10.13,40.5,44.7
BE31,Brabant wallon,2005,4,9.86,13.94,62.9,63.1
BE31,Brabant wallon,2005,5,12.64,16.82,86.3,95.8
BE31,Brabant wallon,2005,6,17.28,21.88,44.9,120.7
BE31,Brabant wallon,2005,7,17.9,21.87,92.1,103.4
BE31,Brabant wallon,2005,8,16.09,20.0,65.3,85.0
BE31,Brabant wallon,2005,9,16.07,20.13,42.3,70.0
BE31,Brabant wallon,2005,10,13.95,17.86,44.8,48.1
BE31,Brabant wallon,2005,11,6.26,8.7,51.6,20.8
BE31,Brabant wallon,2005,12,3.06,5.08,28.8,10.9
BE31,Brabant wallon,2006,1,1.08,4.02,15.7,14.7
BE31,Brabant wallon,2006,2,2.01,4.75,72.3,17.3
BE31,Brabant wallon,2006,3,3.84,7.73,64.5,41.9
BE31,Brabant wallon,2006,4,8.52,12.75,62.5,64.5
BE31,Brabant wallon,2006,5,13.61,17.39,99.2,86.2
BE31,Brabant wallon,2006,6,16.17,20.59,42.0,107.6
BE31,Brabant wallon,2006,7,22.1,26.97,38.4,147.4
BE31,Brabant wallon,2006,8,15.78,19.32,142.1,73.7
BE31,Brabant wallon,2006,9,18.0,22.14,23.1,74.9
BE31,Brabant wallon,2006,10,14.07,17.17,50.1,45.2
BE31,Brabant wallon,2006,11,8.86,11.35,53.4,23.6
BE31,Brabant wallon,2006,12,5.35,7.32,79.3,17.4
BE31,Brabant wallon,2007,1,6.5,8.42,63.9,21.7
BE31,Brabant wallon,2007,2,6.19,9.08,77.3,23.2
BE31,Brabant wallon,2007,3,7.12,11.21,68.6,49.5
BE31,Brabant wallon,2007,4,12.79,18.61,0.9,100.2
BE31,Brabant wallon,2007,5,14.39,18.36,86.0,99.6
BE31,Brabant wallon,2007,6,16.91,20.41,105.6,92.9
BE31,Brabant wallon,2007,7,16.66,20.13,122.9,98.3
BE31,Brabant wallon,2007,8,16.37,19.96,63.0,82.1
BE31,Brabant wallon,2007,9,13.7,17.19,52.4,55.6
BE31,Brabant wallon,2007,10,10.12,13.28,61.3,32.1
BE31,Brabant wallon,2007,11,5.97,8.44,48.4,17.7
BE31,Brabant wallon,2007,12,3.35,5.92,64.2,13.8
BE31,Brabant wallon,2008,1,5.74,7.92,56.5,21.3
BE31,Brabant wallon,2008,2,4.78,8.87,38.3,28.2
BE31,Brabant wallon,2008,3,5.74,8.83,122.0,43.7
BE31,Brabant wallon,2008,4,8.29,12.4,49.9,64.6
BE31,Brabant wallon,2008,5,15.27,19.7,75.0,111.3
BE31,Brabant wallon,2008,6,15.52,19.63,99.7,95.6
BE31,Brabant wallon,2008,7,17.37,21.05,67.6,102.1
BE31,Brabant wallon,2008,8,17.34,20.83,79.6,87.3
BE31,Brabant wallon,2008,9,13.34,17.05,46.4,61.7
BE31,Brabant wallon,2008,10,10.04,13.44,58.4,35.4
BE31,Brabant wallon,2008,11,6.51,8.97,55.7,17.7
BE31,Brabant wallon,2008,12,2.17,4.47,25.7,10.2
BE31,Brabant wallon,2009,1,0.01,3.12,60.1,14.8
BE31,Brabant wallon,2009,2,2.82,5.54,55.6,16.0
BE31,Brabant wallon,2009,3,5.75,9.56,54.5,44.0
BE31,Brabant wallon,2009,4,11.34,15.88,52.6,73.3
BE31,Brabant wallon,2009,5,13.38,17.47,86.1,89.3
BE31,Brabant wallon,2009,6,15.29,19.32,57.7,104.8
BE31,Brabant wallon,2009,7,18.04,22.03,66.1,114.8
BE31,Brabant wallon,2009,8,18.77,23.62,44.8,116.1
BE31,Brabant wallon,2009,9,15.43,19.57,22.7,69.4
BE31,Brabant wallon,2009,10,11.14,14.38,49.6,39.6
BE31,Brabant wallon,2009,11,9.18,11.27,94.3,27.0
BE31,Brabant wallon,2009,12,2.29,4.58,89.7,10.9
BE31,Brabant wallon,2010,1,-0.55,1.53,45.8,10.6
BE31,Brabant wallon,2010,2,2.01,4.88,85.8,18.4
BE31,Brabant wallon,2010,3,5.74,9.39,44.7,46.8
BE31,Brabant wallon,2010,4,8.98,13.96,24.1,77.5
BE31,Brabant wallon,2010,5,10.38,14.4,57.1,82.4
BE31,Brabant wallon,2010,6,16.57,21.21,28.7,117.1
BE31,Brabant wallon,2010,7,19.93,24.42,82.2,128.7
BE31,Brabant wallon,2010,8,16.65,20.06,152.7,82.1
BE31,Brabant wallon,2010,9,13.68,17.22,64.5,57.9
BE31,Brabant wallon,2010,10,10.33,13.75,50.9,41.9
BE31,Brabant wallon,2010,11,5.87,7.92,113.4,16.6
BE31,Brabant wallon,2010,12,-1.41,0.44,65.0,7.9
BE31,Brabant wallon,2011,1,3.04,5.44,68.9,11.9
BE31,Brabant wallon,2011,2,4.76,7.65,40.7,20.6
BE31,Brabant wallon,2011,3,6.34,11.11,20.4,50.5
BE31,Brabant wallon,2011,4,13.02,18.38,19.5,94.6
BE31,Brabant wallon,2011,5,14.63,19.46,16.7,122.8
BE31,Brabant wallon,2011,6,16.13,20.37,91.9,104.1
BE31,Brabant wallon,2011,7,15.54,19.09,86.9,93.2
BE31,Brabant wallon,2011,8,17.14,21.07,110.0,85.0
BE31,Brabant wallon,2011,9,16.09,20.22,40.2,68.2
BE31,Brabant wallon,2011,10,11.89,15.62,27.3,46.3
BE31,Brabant wallon,2011,11,8.34,11.98,13.6,20.4
BE31,Brabant wallon,2011,12,5.57,7.77,130.1,16.4
BE31,Brabant wallon,2012,1,4.27,6.68,70.0,15.2
BE31,Brabant wallon,2012,2,0.18,3.23,28.6,20.2
BE31,Brabant wallon,2012,3,7.87,12.63,32.9,49.1
BE31,Brabant wallon,2012,4,7.88,11.93,78.5,61.2
BE31,Brabant wallon,2012,5,13.81,18.15,62.5,96.9
BE31,Brabant wallon,2012,6,15.0,18.61,108.3,88.1
BE31,Brabant wallon,2012,7,16.81,20.45,119.5,101.7
BE31,Brabant wallon,2012,8,18.7,23.05,26.1,109.7
BE31,Brabant wallon,2012,9,14.33,18.44,38.9,68.2
BE31,Brabant wallon,2012,10,10.89,14.17,140.6,37.6
BE31,Brabant wallon,2012,11,7.0,9.31,40.8,19.5
BE31,Brabant wallon,2012,12,4.68,6.77,103.0,14.4
BE31,Brabant wallon,2013,1,1.5,3.63,57.9,12.1
BE31,Brabant wallon,2013,2,0.9,3.65,42.8,19.7
BE31,Brabant wallon,2013,3,2.1,5.91,50.2,38.4
BE31,Brabant wallon,2013,4,8.01,12.17,27.3,66.1
BE31,Brabant wallon,2013,5,10.9,14.73,103.5,74.8
BE31,Brabant wallon,2013,6,15.35,19.5,45.6,97.0
BE31,Brabant wallon,2013,7,19.87,24.39,28.5,126.8
BE31,Brabant wallon,2013,8,18.38,22.47,48.4,101.7
BE31,Brabant wallon,2013,9,14.69,18.48,73.4,62.0
BE31,Brabant wallon,2013,10,12.76,15.78,67.1,43.3
BE31,Brabant wallon,2013,11,6.05,8.31,96.6,15.7
BE31,Brabant wallon,2013,12,5.21,7.73,75.9,19.4
BE31,Brabant wallon,2014,1,5.6,7.8,61.4,19.4
BE31,Brabant wallon,2014,2,6.0,8.86,70.0,29.2
BE31,Brabant wallon,2014,3,7.95,13.14,19.0,58.6
BE31,Brabant wallon,2014,4,11.67,16.2,24.4,76.6
BE31,Brabant wallon,2014,5,13.06,17.07,67.6,94.7
BE31,Brabant wallon,2014,6,16.05,20.12,85.6,106.2
BE31,Brabant wallon,2014,7,18.78,22.65,116.4,104.6
BE31,Brabant wallon,2014,8,15.89,19.37,131.2,80.2
BE31,Brabant wallon,2014,9,15.66,19.52,38.8,58.6
BE31,Brabant wallon,2014,10,13.31,16.3,85.7,39.5
BE31,Brabant wallon,2014,11,8.63,11.49,64.1,21.2
BE31,Brabant wallon,2014,12,3.96,6.05,72.0,12.7
BE31,Brabant wallon,2015,1,2.98,5.33,82.3,15.5
BE31,Brabant wallon,2015,2,2.85,6.36,52.7,21.7
BE31,Brabant wallon,2015,3,5.91,9.9,54.1,43.3
BE31,Brabant wallon,2015,4,9.08,14.05,37.3,77.6
BE31,Brabant wallon,2015,5,12.32,16.35,62.6,89.1
BE31,Brabant wallon,2015,6,16.08,20.6,37.8,120.3
BE31,Brabant wallon,2015,7,18.77,22.97,65.5,115.9
BE31,Brabant wallon,2015,8,19.16,23.76,71.7,107.6
BE31,Brabant wallon,2015,9,13.39,17.15,71.4,60.2
BE31,Brabant wallon,2015,10,10.22,13.45,39.3,31.9
BE31,Brabant wallon,2015,11,9.57,12.18,81.1,25.8
BE31,Brabant wallon,2015,12,8.98,10.97,49.8,22.4
BE31,Brabant wallon,2016,1,4.47,6.78,105.7,16.3
BE31,Brabant wallon,2016,2,4.28,7.27,90.6,25.8
BE31,Brabant wallon,2016,3,4.83,8.56,69.3,40.5
BE31,Brabant wallon,2016,4,8.41,12.6,68.0,68.2
BE31,Brabant wallon,2016,5,13.7,17.87,98.5,96.2
BE31,Brabant wallon,2016,6,16.4,20.14,108.1,84.8
BE31,Brabant wallon,2016,7,18.29,22.08,56.2,107.0
BE31,Brabant wallon,2016,8,18.36,22.58,65.9,99.4
BE31,Brabant wallon,2016,9,17.84,22.31,17.8,81.4
BE31,Brabant wallon,2016,10,10.29,13.73,36.1,36.3
BE31,Brabant wallon,2016,11,6.15,8.56,67.2,19.4
BE31,Brabant wallon,2016,12,4.19,6.87,21.1,13.2
BE31,Brabant wallon,2017,1,0.4,3.32,57.7,14.6
BE31,Brabant wallon,2017,2,5.6,8.46,46.6,21.9
BE31,Brabant wallon,2017,3,8.63,12.86,56.2,55.0
BE31,Brabant wallon,2017,4,7.92,12.17,25.8,66.9
BE31,Brabant wallon,2017,5,14.66,19.47,60.7,104.6
BE31,Brabant wallon,2017,6,18.4,22.64,56.4,126.0
BE31,Brabant wallon,2017,7,18.15,22.24,84.6,109.4
BE31,Brabant wallon,2017,8,17.61,21.65,67.7,87.1
BE31,Brabant wallon,2017,9,13.74,17.43,90.3,58.0
BE31,Brabant wallon,2017,10,12.97,15.89,32.4,44.0
BE31,Brabant wallon,2017,11,6.29,8.84,85.4,18.5
BE31,Brabant wallon,2017,12,4.03,6.21,100.8,10.8
BE31,Brabant wallon,2018,1,5.45,7.82,101.6,17.0
BE31,Brabant wallon,2018,2,0.01,3.52,26.8,25.5
BE31,Brabant wallon,2018,3,4.77,8.54,79.0,38.0
BE31,Brabant wallon,2018,4,11.99,16.55,55.7,79.3
BE31,Brabant wallon,2018,5,15.26,20.42,37.5,113.8
BE31,Brabant wallon,2018,6,17.14,21.23,23.6,105.2
BE31,Brabant wallon,2018,7,21.55,26.67,7.8,160.3
BE31,Brabant wallon,2018,8,19.14,23.73,52.9,115.7
BE31,Brabant wallon,2018,9,14.91,19.56,59.5,76.7
BE31,Brabant wallon,2018,10,12.18,16.1,34.4,50.9
BE31,Brabant wallon,2018,11,7.08,10.07,48.8,22.6
BE31,Brabant wallon,2018,12,5.27,7.81,101.3,13.3
BE31,Brabant wallon,2019,1,2.42,4.69,59.1,13.0
BE31,Brabant wallon,2019,2,5.98,10.31,52.1,31.5
BE31,Brabant wallon,2019,3,7.61,11.11,98.9,48.2
BE31,Brabant wallon,2019,4,9.9,14.92,40.9,78.4
BE31,Brabant wallon,2019,5,11.19,15.37,64.2,87.8
BE31,Brabant wallon,2019,6,17.98,22.7,85.6,123.9
BE31,Brabant wallon,2019,7,19.05,23.52,31.9,132.7
BE31,Brabant wallon,2019,8,18.7,23.34,52.9,109.8
BE31,Brabant wallon,2019,9,14.87,18.9,51.0,71.4
BE31,Brabant wallon,2019,10,11.98,14.84,97.3,38.3
BE31,Brabant wallon,2019,11,6.15,8.76,72.9,16.4
BE31,Brabant wallon,2019,12,5.32,7.7,89.6,17.6
BE31,Brabant wallon,2020,1,5.22,7.7,40.7,17.0
BE31,Brabant wallon,2020,2,6.55,9.4,138.3,30.9
BE31,Brabant wallon,2020,3,6.29,10.02,87.4,50.9
BE31,Brabant wallon,2020,4,11.78,17.22,13.3,102.7
BE31,Brabant wallon,2020,5,13.37,18.47,18.8,122.2
BE31,Brabant wallon,2020,6,16.94,21.12,66.6,118.9
BE31,Brabant wallon,2020,7,17.24,21.29,60.0,112.3
BE31,Brabant wallon,2020,8,20.63,25.38,53.9,123.7
BE31,Brabant wallon,2020,9,16.03,20.79,83.5,77.1
BE31,Brabant wallon,2020,10,11.09,13.53,95.7,35.6
BE31,Brabant wallon,2020,11,8.66,11.69,31.6,24.1
BE31,Brabant wallon,2020,12,5.12,7.04,92.1,11.5
BE31,Brabant wallon,2021,1,2.4,4.59,119.0,12.1
BE31,Brabant wallon,2021,2,4.74,8.16,61.4,32.2
BE31,Brabant wallon,2021,3,6.14,10.08,52.0,49.1
BE31,Brabant wallon,2021,4,6.19,10.64,38.8,69.1
BE31,Brabant wallon,2021,5,10.9,14.85,85.7,88.3
BE31,Brabant wallon,2021,6,17.86,21.89,136.0,109.4
BE31,Brabant wallon,2021,7,17.23,20.81,162.4,97.0
BE31,Brabant wallon,2021,8,16.28,19.8,104.0,81.0
BE31,Brabant wallon,2021,9,16.03,20.07,26.9,69.1
BE31,Brabant wallon,2021,10,11.15,14.65,106.2,39.2
BE31,Brabant wallon,2021,11,5.55,8.26,38.0,14.2
BE31,Brabant wallon,2021,12,4.99,6.93,72.6,9.4
BE31,Brabant wallon,2022,1,3.41,6.05,63.6,13.0
BE31,Brabant wallon,2022,2,5.83,9.04,75.3,30.0
BE31,Brabant wallon,2022,3,7.34,12.65,10.1,62.9
BE31,Brabant wallon,2022,4,9.32,13.55,26.7,78.6
BE31,Brabant wallon,2022,5,14.66,19.67,60.3,113.9
BE31,Brabant wallon,2022,6,17.07,21.66,95.7,118.1
BE31,Brabant wallon,2022,7,18.98,24.06,11.3,138.4
BE31,Brabant wallon,2022,8,20.97,26.21,28.6,138.2
BE31,Brabant wallon,2022,9,14.77,18.99,91.5,71.4
BE31,Brabant wallon,2022,10,13.88,17.69,58.0,48.7
BE31,Brabant wallon,2022,11,8.67,11.1,72.8,24.0
BE31,Brabant wallon,2022,12,3.43,5.78,93.6,13.4
BE31,Brabant wallon,2023,1,4.57,6.62,77.7,16.3
BE31,Brabant wallon,2023,2,4.9,8.1,13.7,22.7
BE31,Brabant wallon,2023,3,6.76,10.18,128.7,41.9
BE31,Brabant wallon,2023,4,8.06,11.99,83.9,59.8
BE31,Brabant wallon,2023,5,12.86,17.51,60.9,98.6
BE31,Brabant wallon,2023,6,19.61,24.47,39.6,151.3
BE31,Brabant wallon,2023,7,18.14,22.04,105.6,120.3
BE31,Brabant wallon,2023,8,17.71,21.6,96.3,95.0
BE31,Brabant wallon,2023,9,18.32,22.95,69.5,83.7
BE31,Brabant wallon,2023,10,13.33,16.85,129.5,48.9
BE31,Brabant wallon,2023,11,7.29,9.53,120.0,19.6
BE31,Brabant wallon,2023,12,6.12,8.03,79.7,16.6
BE31,Brabant wallon,2024,1,2.68,5.29,65.3,19.3
BE31,Brabant wallon,2024,2,7.67,10.27,128.8,22.8
BE31,Brabant wallon,2024,3,8.48,12.07,83.4,46.4
BE31,Brabant wallon,2024,4,10.2,13.88,89.5,69.0
BE31,Brabant wallon,2024,5,14.08,18.09,115.2,84.9
BE31,Brabant wallon,2024,6,15.2,19.04,92.9,98.1
BE31,Brabant wallon,2024,7,17.93,21.88,86.9,108.3
BE31,Brabant wallon,2024,8,19.34,23.77,63.6,109.4
BE31,Brabant wallon,2024,9,15.18,19.1,115.4,63.9
BE31,Brabant wallon,2024,10,12.28,15.62,90.9,37.1
BE31,Brabant wallon,2024,11,6.95,9.86,59.7,19.4
BE31,Brabant wallon,2024,12,4.82,7.12,78.8,11.5
BE32,Hainaut,2000,1,3.78,5.96,37.7,12.8
BE32,Hainaut,2000,2,5.82,8.8,64.4,26.4
BE32,Hainaut,2000,3,7.05,10.2,52.4,38.3
BE32,Hainaut,2000,4,9.89,14.08,67.7,70.0
BE32,Hainaut,2000,5,14.71,18.41,96.4,88.5
BE32,Hainaut,2000,6,16.34,20.49,55.0,110.8
BE32,Hainaut,2000,7,15.33,18.81,164.8,75.8
BE32,Hainaut,2000,8,17.79,22.0,64.0,98.3
BE32,Hainaut,2000,9,16.1,19.54,69.5,62.2
BE32,Hainaut,2000,10,11.62,14.29,88.6,41.5
BE32,Hainaut,2000,11,7.79,9.78,97.8,21.8
BE32,Hainaut,2000,12,5.89,7.97,72.5,19.1
BE32,Hainaut,2001,1,3.49,5.99,107.0,16.9
BE32,Hainaut,2001,2,4.65,7.53,61.9,22.8
BE32,Hainaut,2001,3,6.72,10.01,133.3,34.2
BE32,Hainaut,2001,4,8.17,11.7,110.7,56.4
BE32,Hainaut,2001,5,14.13,18.43,31.4,104.4
BE32,Hainaut,2001,6,15.35,19.56,37.5,106.6
BE32,Hainaut,2001,7,18.64,22.56,87.5,110.9
BE32,Hainaut,2001,8,19.06,23.36,71.4,104.4
BE32,Hainaut,2001,9,13.14,16.26,121.2,48.0
BE32,Hainaut,2001,10,14.61,17.69,53.9,46.2
BE32,Hainaut,2001,11,6.25,8.96,74.5,16.1
BE32,Hainaut,2001,12,2.36,4.96,67.9,11.6
BE32,Hainaut,2002,1,4.47,6.68,63.2,17.7
BE32,Hainaut,2002,2,7.14,9.72,141.1,31.9
BE32,Hainaut,2002,3,7.54,11.46,61.5,46.6
BE32,Hainaut,2002,4,9.58,14.11,33.4,78.3
BE32,Hainaut,2002,5,13.4,17.15,70.0,88.1
BE32,Hainaut,2002,6,16.88,20.96,60.7,104.8
BE32,Hainaut,2002,7,17.45,21.22,81.5,96.0
BE32,Hainaut,2002,8,18.42,22.07,93.3,81.8
BE32,Hainaut,2002,9,14.43,18.32,40.6,62.4
BE32,Hainaut,2002,10,11.19,14.19,62.4,41.6
BE32,Hainaut,2002,11,8.81,11.23,107.5,18.4
BE32,Hainaut,2002,12,4.94,7.09,110.2,12.2
BE32,Hainaut,2003,1,2.43,4.99,65.3,15.1
BE32,Hainaut,2003,2,2.43,6.54,20.3,28.9
BE32,Hainaut,2003,3,8.07,12.69,36.7,55.8
BE32,Hainaut,2003,4,10.13,14.86,46.2,86.3
BE32,Hainaut,2003,5,13.72,17.75,78.6,93.7
BE32,Hainaut,2003,6,19.04,23.59,64.3,120.5
BE32,Hainaut,2003,7,19.22,23.34,75.4,119.8
BE32,Hainaut,2003,8,20.79,25.66,39.8,123.5
BE32,Hainaut,2003,9,15.57,20.63,17.3,81.4
BE32,Hainaut,2003,10,8.53,12.18,52.0,39.0
BE32,Hainaut,2003,11,8.53,11.23,37.7,20.1
BE32,Hainaut,2003,12,4.34,6.81,81.1,12.3
BE32,Hainaut,2004,1,3.44,5.61,116.6,14.0
BE32,Hainaut,2004,2,4.78,7.52,37.4,28.1
BE32,Hainaut,2004,3,5.92,9.91,38.1,48.4
BE32,Hainaut,2004,4,10.12,14.29,50.3,70.3
BE32,Hainaut,2004,5,12.26,16.5,44.9,92.5
BE32,Hainaut,2004,6,16.16,20.15,53.6,104.3
BE32,Hainaut,2004,7,17.46,21.46,68.2,107.0
BE32,Hainaut,2004,8,19.14,23.06,87.3,97.2
BE32,Hainaut,2004,9,16.28,20.16,28.9,79.5
BE32,Hainaut,2004,10,12.38,15.72,38.7,49.1
BE32,Hainaut,2004,11,6.78,9.34,46.6,16.1
BE32,Hainaut,2004,12,3.05,5.36,46.4,9.5
BE32,Hainaut,2005,1,4.75,7.2,33.7,18.6
BE32,Hainaut,2005,2,2.38,5.13,65.4,20.9
BE32,Hainaut,2005,3,6.74,10.54,36.0,44.9
BE32,Hainaut,2005,4,10.2,14.09,65.8,62.2
BE32,Hainaut,2005,5,12.98,17.06,85.3,96.2
BE32,Hainaut,2005,6,17.61,22.18,43.2,119.1
BE32,Hainaut,2005,7,18.22,22.06,89.3,102.1
BE32,Hainaut,2005,8,16.57,20.47,73.4,86.4
BE32,Hainaut,2005,9,16.46,20.41,37.0,69.0
BE32,Hainaut,2005,10,14.55,18.23,47.6,48.7
BE32,Hainaut,2005,11,6.69,9.17,47.5,21.0
BE32,Hainaut,2005,12,3.49,5.52,33.9,11.2
BE32,Hainaut,2006,1,1.72,4.53,16.7,15.3
BE32,Hainaut,2006,2,2.44,5.14,71.5,17.5
BE32,Hainaut,2006,3,4.44,8.28,68.6,43.0
BE32,Hainaut,2006,4,8.97,13.13,51.1,65.6
BE32,Hainaut,2006,5,13.85,17.59,118.5,82.9
BE32,Hainaut,2006,6,16.56,20.86,32.7,108.0
BE32,Hainaut,2006,7,22.4,27.22,34.4,146.3
BE32,Hainaut,2006,8,16.23,19.66,140.1,74.9
BE32,Hainaut,2006,9,18.32,22.38,25.0,75.1
BE32,Hainaut,2006,10,14.41,17.44,47.8,44.5
BE32,Hainaut,2006,11,9.2,11.71,58.1,23.2
BE32,Hainaut,2006,12,5.6,7.65,81.7,16.8
BE32,Hainaut,2007,1,6.98,8.88,64.0,21.4
BE32,Hainaut,2007,2,6.72,9.55,80.9,23.4
BE32,Hainaut,2007,3,7.47,11.44,76.2,49.1
BE32,Hainaut,2007,4,13.29,18.96,3.1,100.4
BE32,Hainaut,2007,5,14.65,18.56,84.8,98.4
BE32,Hainaut,2007,6,17.19,20.74,100.0,92.3
BE32,Hainaut,2007,7,17.02,20.37,114.1,98.7
BE32,Hainaut,2007,8,16.77,20.31,62.1,83.0
BE32,Hainaut,2007,9,14.1,17.56,50.3,56.0
BE32,Hainaut,2007,10,10.52,13.74,55.8,33.2
BE32,Hainaut,2007,11,6.41,8.81,47.8,18.0
BE32,Hainaut,2007,12,3.8,6.36,66.0,13.9
BE32,Hainaut,2008,1,6.09,8.32,63.4,20.7
BE32,Hainaut,2008,2,5.35,9.29,43.1,28.6
BE32,Hainaut,2008,3,6.18,9.15,126.8,42.6
BE32,Hainaut,2008,4,8.73,12.74,48.4,64.7
BE32,Hainaut,2008,5,15.72,20.08,78.4,113.3
BE32,Hainaut,2008,6,15.85,19.92,89.9,95.9
BE32,Hainaut,2008,7,17.86,21.53,67.9,106.1
BE32,Hainaut,2008,8,17.67,21.07,74.5,87.2
BE32,Hainaut,2008,9,13.81,17.44,59.4,62.5
BE32,Hainaut,2008,10,10.45,13.74,68.8,35.6
BE32,Hainaut,2008,11,7.0,9.43,61.1,18.1
BE32,Hainaut,2008,12,2.63,4.97,30.2,10.5
BE32,Hainaut,2009,1,0.62,3.62,68.2,14.9
BE32,Hainaut,2009,2,3.31,6.09,53.9,16.7
BE32,Hainaut,2009,3,6.17,10.08,61.6,44.7
BE32,Hainaut,2009,4,11.68,16.2,54.5,74.0
BE32,Hainaut,2009,5,13.73,17.79,80.4,88.5
BE32,Hainaut,2009,6,15.82,19.79,56.8,106.9
BE32,Hainaut,2009,7,18.46,22.51,52.9,116.8
BE32,Hainaut,2009,8,19.26,24.15,44.5,118.8
BE32,Hainaut,2009,9,15.87,19.99,22.9,71.0
BE32,Hainaut,2009,10,11.58,14.75,51.7,38.7
BE32,Hainaut,2009,11,9.6,11.69,104.0,26.6
BE32,Hainaut,2009,12,2.96,5.25,88.7,11.2
BE32,Hainaut,2010,1,0.07,2.07,46.9,11.2
BE32,Hainaut,2010,2,2.58,5.36,92.5,18.8
BE32,Hainaut,2010,3,6.19,9.75,37.6,47.0
BE32,Hainaut,2010,4,9.43,14.28,25.9,78.2
BE32,Hainaut,2010,5,10.88,14.88,57.6,84.2
BE32,Hainaut,2010,6,16.91,21.37,36.3,114.8
BE32,Hainaut,2010,7,20.25,24.54,63.0,128.4
BE32,Hainaut,2010,8,17.01,20.45,149.5,82.2
BE32,Hainaut,2010,9,14.15,17.73,58.2,59.8
BE32,Hainaut,2010,10,10.78,14.16,46.8,42.6
BE32,Hainaut,2010,11,6.27,8.3,113.8,16.2
BE32,Hainaut,2010,12,-0.69,1.18,65.8,8.5
BE32,Hainaut,2011,1,3.67,5.93,73.2,12.1
BE32,Hainaut,2011,2,5.26,8.03,41.9,19.9
BE32,Hainaut,2011,3,6.92,11.56,16.8,51.3
BE32,Hainaut,2011,4,13.42,18.68,18.9,94.3
BE32,Hainaut,2011,5,14.87,19.58,15.7,123.0
BE32,Hainaut,2011,6,16.45,20.64,80.1,103.3
BE32,Hainaut,2011,7,15.96,19.53,66.6,95.0
BE32,Hainaut,2011,8,17.56,21.47,86.3,88.0
BE32,Hainaut,2011,9,16.58,20.74,38.3,69.6
BE32,Hainaut,2011,10,12.46,16.08,30.4,47.5
BE32,Hainaut,2011,11,8.95,12.39,19.2,20.2
BE32,Hainaut,2011,12,6.06,8.23,135.3,16.2
BE32,Hainaut,2012,1,4.83,7.22,74.5,15.5
BE32,Hainaut,2012,2,0.64,3.67,28.1,20.7
BE32,Hainaut,2012,3,8.2,12.97,44.7,50.1
BE32,Hainaut,2012,4,8.21,12.19,83.6,60.3
BE32,Hainaut,2012,5,14.04,18.3,54.7,95.9
BE32,Hainaut,2012,6,15.44,18.92,102.1,88.5
BE32,Hainaut,2012,7,17.14,20.8,113.0,102.0
BE32,Hainaut,2012,8,19.01,23.24,26.4,109.9
BE32,Hainaut,2012,9,14.75,18.85,34.1,69.5
BE32,Hainaut,2012,10,11.43,14.63,130.5,38.1
BE32,Hainaut,2012,11,7.43,9.7,41.8,19.5
BE32,Hainaut,2012,12,5.12,7.3,96.0,14.2
BE32,Hainaut,2013,1,2.16,4.14,61.2,11.9
BE32,Hainaut,2013,2,1.49,4.25,40.2,20.5
BE32,Hainaut,2013,3,2.75,6.33,58.1,38.4
BE32,Hainaut,2013,4,8.39,12.58,30.8,66.6
BE32,Hainaut,2013,5,11.14,14.8,97.6,72.9
BE32,Hainaut,2013,6,15.67,19.69,55.3,97.2
BE32,Hainaut,2013,7,20.14,24.58,40.0,127.5
BE32,Hainaut,2013,8,18.69,22.65,34.7,101.0
BE32,Hainaut,2013,9,15.16,18.9,69.8,63.0
BE32,Hainaut,2013,10,13.27,16.17,63.8,43.4
BE32,Hainaut,2013,11,6.54,8.72,96.4,15.9
BE32,Hainaut,2013,12,5.56,8.02,77.6,18.5
BE32,Hainaut,2014,1,5.98,8.16,60.0,19.0
BE32,Hainaut,2014,2,6.4,9.21,82.2,28.9
BE32,Hainaut,2014,3,8.28,13.35,21.1,58.9
BE32,Hainaut,2014,4,11.89,16.35,26.1,75.6
BE32,Hainaut,2014,5,13.37,17.35,73.2,95.4
BE32,Hainaut,2014,6,16.45,20.53,71.0,108.1
BE32,Hainaut,2014,7,19.05,22.82,108.1,103.3
BE32,Hainaut,2014,8,16.34,19.7,99.9,80.6
BE32,Hainaut,2014,9,16.2,20.06,34.8,61.3
BE32,Hainaut,2014,10,13.65,16.65,72.2,40.3
BE32,Hainaut,2014,11,9.13,11.86,62.4,21.6
BE32,Hainaut,2014,12,4.37,6.49,83.8,12.3
BE32,Hainaut,2015,1,3.43,5.91,95.9,15.2
BE32,Hainaut,2015,2,3.25,6.64,57.1,21.7
BE32,Hainaut,2015,3,6.37,10.32,52.2,44.6
BE32,Hainaut,2015,4,9.6,14.43,34.4,78.6
BE32,Hainaut,2015,5,12.71,16.63,61.4,87.7
BE32,Hainaut,2015,6,16.55,21.07,30.5,123.8
BE32,Hainaut,2015,7,19.27,23.45,49.0,118.5
BE32,Hainaut,2015,8,19.52,24.16,61.7,109.2
BE32,Hainaut,2015,9,13.85,17.52,61.8,61.6
BE32,Hainaut,2015,10,10.72,13.86,39.0,32.6
BE32,Hainaut,2015,11,10.06,12.56,83.8,25.5
BE32,Hainaut,2015,12,9.26,11.18,50.5,21.3
BE32,Hainaut,2016,1,4.96,7.23,106.2,16.6
BE32,Hainaut,2016,2,4.78,7.69,97.4,25.7
BE32,Hainaut,2016,3,5.36,8.98,71.1,40.9
BE32,Hainaut,2016,4,8.77,12.9,66.0,68.5
BE32,Hainaut,2016,5,13.96,18.16,105.2,95.2
BE32,Hainaut,2016,6,16.63,20.21,112.2,84.3
BE32,Hainaut,2016,7,18.66,22.38,38.6,110.1
BE32,Hainaut,2016,8,18.88,23.01,56.5,101.5
BE32,Hainaut,2016,9,18.2,22.52,22.6,80.7
BE32,Hainaut,2016,10,10.82,14.32,34.6,37.5
BE32,Hainaut,2016,11,6.67,9.0,63.5,19.5
BE32,Hainaut,2016,12,4.46,7.13,19.7,12.9
BE32,Hainaut,2017,1,0.62,3.65,57.4,14.7
BE32,Hainaut,2017,2,6.07,8.91,54.7,22.5
BE32,Hainaut,2017,3,9.03,13.25,60.7,54.5
BE32,Hainaut,2017,4,8.34,12.79,25.5,68.8
BE32,Hainaut,2017,5,15.02,19.82,45.4,105.4
BE32,Hainaut,2017,6,18.98,23.46,46.6,131.4
BE32,Hainaut,2017,7,18.49,22.73,69.1,111.2
BE32,Hainaut,2017,8,17.82,21.95,67.0,87.6
BE32,Hainaut,2017,9,14.04,17.81,89.3,58.5
BE32,Hainaut,2017,10,13.31,16.21,30.1,43.6
BE32,Hainaut,2017,11,6.63,9.33,96.4,18.5
BE32,Hainaut,2017,12,4.44,6.68,110.4,11.5
BE32,Hainaut,2018,1,5.89,8.34,105.3,17.5
BE32,Hainaut,2018,2,0.56,4.08,31.8,26.5
BE32,Hainaut,2018,3,5.28,9.03,80.0,37.1
BE32,Hainaut,2018,4,12.23,16.92,69.5,79.4
BE32,Hainaut,2018,5,15.36,20.62,48.6,113.4
BE32,Hainaut,2018,6,17.43,21.63,22.8,107.2
BE32,Hainaut,2018,7,21.88,26.99,11.1,159.3
BE32,Hainaut,2018,8,19.27,23.93,62.7,113.5
BE32,Hainaut,2018,9,15.25,20.12,63.3,78.3
BE32,Hainaut,2018,10,12.51,16.63,42.2,51.5
BE32,Hainaut,2018,11,7.51,10.58,53.2,23.7
BE32,Hainaut,2018,12,5.62,8.24,102.4,13.7
BE32,Hainaut,2019,1,2.86,5.22,57.8,13.5
BE32,Hainaut,2019,2,6.21,10.66,70.2,30.9
BE32,Hainaut,2019,3,8.07,11.58,108.9,49.4
BE32,Hainaut,2019,4,10.06,14.99,47.4,75.9
BE32,Hainaut,2019,5,11.5,15.68,63.2,87.3
BE32,Hainaut,2019,6,18.1,22.86,85.8,122.8
BE32,Hainaut,2019,7,19.23,23.94,22.2,132.2
BE32,Hainaut,2019,8,18.75,23.52,53.4,108.1
BE32,Hainaut,2019,9,15.17,19.32,66.1,70.7
BE32,Hainaut,2019,10,12.35,15.26,99.9,38.8
BE32,Hainaut,2019,11,6.68,9.29,79.6,17.2
BE32,Hainaut,2019,12,5.69,8.14,96.7,17.6
BE32,Hainaut,2020,1,5.47,7.97,45.5,17.3
BE32,Hainaut,2020,2,6.99,9.84,146.4,31.0
BE32,Hainaut,2020,3,6.68,10.48,83.4,51.1
BE32,Hainaut,2020,4,12.21,17.85,13.3,102.3
BE32,Hainaut,2020,5,13.68,18.97,40.7,122.2
BE32,Hainaut,2020,6,17.27,21.58,66.4,119.7
BE32,Hainaut,2020,7,17.53,21.73,51.8,113.4
BE32,Hainaut,2020,8,20.78,25.63,58.2,121.2
BE32,Hainaut,2020,9,16.52,21.17,78.2,77.3
BE32,Hainaut,2020,10,11.47,13.98,102.1,36.7
BE32,Hainaut,2020,11,8.96,11.97,33.0,24.0
BE32,Hainaut,2020,12,5.56,7.5,96.0,12.0
BE32,Hainaut,2021,1,2.75,4.99,134.8,12.0
BE32,Hainaut,2021,2,5.06,8.46,61.9,32.1
BE32,Hainaut,2021,3,6.5,10.64,51.7,49.3
BE32,Hainaut,2021,4,6.52,11.17,29.9,70.9
BE32,Hainaut,2021,5,11.28,15.31,94.9,90.1
BE32,Hainaut,2021,6,17.95,22.15,124.2,107.6
BE32,Hainaut,2021,7,17.55,21.25,135.5,98.5
BE32,Hainaut,2021,8,16.62,20.31,102.0,82.7
BE32,Hainaut,2021,9,16.54,20.79,26.0,71.3
BE32,Hainaut,2021,10,11.41,15.13,116.3,39.7
BE32,Hainaut,2021,11,5.82,8.68,44.1,14.4
BE32,Hainaut,2021,12,5.49,7.47,90.6,10.1
BE32,Hainaut,2022,1,3.71,6.48,67.1,13.8
BE32,Hainaut,2022,2,6.24,9.54,66.2,30.4
BE32,Hainaut,2022,3,7.77,13.2,8.9,63.2
BE32,Hainaut,2022,4,9.85,14.34,24.1,81.3
BE32,Hainaut,2022,5,14.97,19.99,46.8,113.3
BE32,Hainaut,2022,6,17.27,22.2,138.3,116.2
BE32,Hainaut,2022,7,19.52,25.04,21.8,141.1
BE32,Hainaut,2022,8,21.38,26.97,27.7,138.9
BE32,Hainaut,2022,9,15.05,19.42,73.8,70.3
BE32,Hainaut,2022,10,14.24,18.03,70.6,48.8
BE32,Hainaut,2022,11,8.97,11.42,66.3,24.3
BE32,Hainaut,2022,12,3.76,6.16,101.6,13.9
BE32,Hainaut,2023,1,4.94,7.12,84.9,17.5
BE32,Hainaut,2023,2,5.38,8.66,14.1,24.0
BE32,Hainaut,2023,3,7.28,10.67,132.6,43.9
BE32,Hainaut,2023,4,8.36,12.48,87.2,59.9
BE32,Hainaut,2023,5,13.08,17.76,63.8,98.6
BE32,Hainaut,2023,6,19.7,24.73,24.0,146.6
BE32,Hainaut,2023,7,18.46,22.41,132.6,119.6
BE32,Hainaut,2023,8,18.04,22.14,95.6,96.3
BE32,Hainaut,2023,9,18.68,23.33,94.4,83.6
BE32,Hainaut,2023,10,13.66,17.3,121.3,48.8
BE32,Hainaut,2023,11,7.82,10.14,135.0,20.7
BE32,Hainaut,2023,12,6.56,8.53,83.2,17.6
BE32,Hainaut,2024,1,3.18,5.82,69.0,20.0
BE32,Hainaut,2024,2,8.08,10.59,117.6,23.1
BE32,Hainaut,2024,3,8.63,12.29,99.0,45.6
BE32,Hainaut,2024,4,10.52,14.27,85.2,69.5
BE32,Hainaut,2024,5,14.34,18.49,118.7,87.5
BE32,Hainaut,2024,6,15.47,19.55,115.0,98.4
BE32,Hainaut,2024,7,18.34,22.54,89.3,110.9
BE32,Hainaut,2024,8,19.73,24.35,54.3,110.6
BE32,Hainaut,2024,9,15.45,19.48,107.8,65.2
BE32,Hainaut,2024,10,12.7,16.05,90.2,37.3
BE32,Hainaut,2024,11,7.42,10.36,55.6,20.4
BE32,Hainaut,2024,12,5.29,7.66,79.8,12.9
BE33,Liège,2000,1,3.35,5.38,49.7,11.5
BE33,Liège,2000,2,5.42,8.31,79.2,24.6
BE33,Liège,2000,3,6.61,9.71,80.0,34.8
BE33,Liège,2000,4,10.31,14.48,63.1,70.8
BE33,Liège,2000,5,14.96,18.85,95.3,92.7
BE33,Liège,2000,6,16.56,20.68,57.3,111.8
BE33,Liège,2000,7,15.2,18.62,168.6,71.8
BE33,Liège,2000,8,17.9,21.89,72.3,95.8
BE33,Liège,2000,9,15.83,19.22,72.0,55.3
BE33,Liège,2000,10,11.4,14.07,70.9,38.2
BE33,Liège,2000,11,7.84,9.73,75.2,22.6
BE33,Liège,2000,12,5.79,7.83,59.2,19.8
BE33,Liège,2001,1,3.42,5.84,99.8,16.7
BE33,Liège,2001,2,4.32,7.23,80.0,22.0
BE33,Liège,2001,3,6.55,9.84,112.6,33.6
BE33,Liège,2001,4,7.99,11.63,115.4,55.7
BE33,Liège,2001,5,14.51,18.94,26.7,107.5
BE33,Liège,2001,6,15.17,19.09,60.8,100.0
BE33,Liège,2001,7,18.71,22.7,71.6,112.7
BE33,Liège,2001,8,19.26,23.49,62.5,104.8
BE33,Liège,2001,9,12.8,15.83,122.5,45.9
BE33,Liège,2001,10,14.75,17.82,43.0,47.4
BE33,Liège,2001,11,5.65,8.22,101.2,14.7
BE33,Liège,2001,12,1.81,4.33,76.1,10.2
BE33,Liège,2002,1,3.71,5.96,63.5,17.0
BE33,Liège,2002,2,6.66,9.23,154.4,28.6
BE33,Liège,2002,3,7.22,11.39,63.2,47.0
BE33,Liège,2002,4,9.26,13.56,51.8,72.7
BE33,Liège,2002,5,13.64,17.35,52.7,88.4
BE33,Liège,2002,6,17.44,21.48,46.8,108.6
BE33,Liège,2002,7,17.7,21.5,93.9,96.1
BE33,Liège,2002,8,18.55,22.27,113.1,80.6
BE33,Liège,2002,9,14.2,18.0,24.7,61.1
BE33,Liège,2002,10,10.84,13.64,65.6,38.5
BE33,Liège,2002,11,8.73,10.91,96.8,18.0
BE33,Liège,2002,12,4.62,6.88,102.8,12.0
BE33,Liège,2003,1,1.77,4.1,72.3,13.2
BE33,Liège,2003,2,1.6,5.68,22.1,27.3
BE33,Liège,2003,3,7.9,12.45,43.2,56.2
BE33,Liège,2003,4,9.69,14.33,57.0,82.5
BE33,Liège,2003,5,13.88,17.71,96.0,91.1
BE33,Liège,2003,6,19.44,23.89,49.9,122.2
BE33,Liège,2003,7,19.46,23.59,73.0,122.0
BE33,Liège,2003,8,21.21,26.11,38.3,125.5
BE33,Liège,2003,9,15.58,20.48,35.8,81.2
BE33,Liège,2003,10,8.22,11.43,71.5,35.1
BE33,Liège,2003,11,8.6,11.11,34.3,22.4
BE33,Liège,2003,12,4.05,6.71,76.0,12.8
BE33,Liège,2004,1,2.63,4.79,112.5,13.3
BE33,Liège,2004,2,4.13,6.7,62.0,25.1
BE33,Liège,2004,3,5.36,9.43,35.9,46.3
BE33,Liège,2004,4,10.18,14.32,64.5,70.2
BE33,Liège,2004,5,12.11,16.1,53.9,88.4
BE33,Liège,2004,6,15.83,19.82,72.0,99.9
BE33,Liège,2004,7,17.23,20.93,98.9,100.8
BE33,Liège,2004,8,19.01,22.83,104.1,95.1
BE33,Liège,2004,9,15.71,19.43,54.2,73.9
BE33,Liège,2004,10,12.18,15.37,37.9,46.3
BE33,Liège,2004,11,6.19,8.58,69.4,14.7
BE33,Liège,2004,12,2.37,4.97,53.5,9.4
BE33,Liège,2005,1,3.93,6.22,47.2,16.5
BE33,Liège,2005,2,1.18,3.96,79.0,16.8
BE33,Liège,2005,3,6.42,9.86,52.7,43.4
BE33,Liège,2005,4,10.41,14.33,74.7,65.1
BE33,Liège,2005,5,13.21,17.28,69.6,97.5
BE33,Liège,2005,6,17.91,22.36,35.1,122.2
BE33,Liège,2005,7,18.69,22.63,90.0,109.0
BE33,Liège,2005,8,16.39,20.23,78.4,82.7
BE33,Liège,2005,9,16.39,20.52,48.3,71.4
BE33,Liège,2005,10,14.31,18.04,54.4,49.5
BE33,Liège,2005,11,6.38,8.39,55.4,19.1
BE33,Liège,2005,12,2.95,4.72,41.5,9.4
BE33,Liège,2006,1,1.23,4.22,23.9,15.8
BE33,Liège,2006,2,1.96,4.66,69.9,16.2
BE33,Liège,2006,3,3.61,7.33,78.7,38.2
BE33,Liège,2006,4,8.84,12.83,68.2,62.8
BE33,Liège,2006,5,14.1,17.85,113.6,91.1
BE33,Liège,2006,6,16.92,21.13,57.3,111.0
BE33,Liège,2006,7,22.65,27.22,39.2,148.5
BE33,Liège,2006,8,15.93,19.39,152.2,70.4
BE33,Liège,2006,9,18.32,22.25,27.4,72.5
BE33,Liège,2006,10,14.39,17.37,50.8,44.6
BE33,Liège,2006,11,9.01,11.41,67.2,21.7
BE33,Liège,2006,12,5.7,7.74,71.3,17.1
BE33,Liège,2007,1,6.35,8.18,84.0,18.1
BE33,Liège,2007,2,6.34,9.11,85.2,22.3
BE33,Liège,2007,3,7.33,11.35,81.2,47.7
BE33,Liège,2007,4,13.21,18.72,0.2,100.6
BE33,Liège,2007,5,14.95,18.79,97.1,98.7
BE33,Liège,2007,6,17.5,20.91,105.5,94.5
BE33,Liège,2007,7,17.05,20.45,134.7,99.5
BE33,Liège,2007,8,16.77,20.29,100.9,82.1
BE33,Liège,2007,9,13.8,17.16,60.2,53.2
BE33,Liège,2007,10,10.31,13.44,52.8,32.1
BE33,Liège,2007,11,5.89,8.28,52.4,17.0
BE33,Liège,2007,12,3.57,6.11,77.5,13.2
BE33,Liège,2008,1,5.72,7.72,61.9,20.0
BE33,Liège,2008,2,5.23,9.23,40.0,28.2
BE33,Liège,2008,3,5.55,8.67,138.3,40.9
BE33,Liège,2008,4,8.6,12.38,62.3,63.0
BE33,Liège,2008,5,15.91,20.03,63.9,112.4
BE33,Liège,2008,6,16.18,20.19,100.0,96.8
BE33,Liège,2008,7,17.78,21.39,96.9,98.6
BE33,Liège,2008,8,17.73,21.11,82.0,86.5
BE33,Liège,2008,9,13.45,17.1,41.5,58.6
BE33,Liège,2008,10,10.31,13.52,76.6,32.6
BE33,Liège,2008,11,6.58,8.92,54.4,16.9
BE33,Liège,2008,12,2.32,4.42,38.2,9.8
BE33,Liège,2009,1,-0.07,3.13,53.4,15.3
BE33,Liège,2009,2,2.78,5.24,71.3,14.8
BE33,Liège,2009,3,5.69,9.38,71.4,39.5
BE33,Liège,2009,4,12.03,16.34,47.8,74.5
BE33,Liège,2009,5,14.05,18.0,65.5,91.4
BE33,Liège,2009,6,15.67,19.46,76.2,101.5
BE33,Liège,2009,7,18.46,22.18,75.9,112.9
BE33,Liège,2009,8,19.15,23.63,50.1,113.3
BE33,Liège,2009,9,15.62,19.46,31.1,64.6
BE33,Liège,2009,10,10.93,14.04,60.9,36.1
BE33,Liège,2009,11,9.34,11.35,110.0,24.6
BE33,Liège,2009,12,2.59,4.94,88.9,10.5
BE33,Liège,2010,1,-0.63,1.28,49.2,9.9
BE33,Liège,2010,2,1.98,4.5,78.8,17.8
BE33,Liège,2010,3,5.76,9.34,58.2,44.9
BE33,Liège,2010,4,9.42,14.1,23.5,77.4
BE33,Liège,2010,5,10.65,14.49,66.8,80.0
BE33,Liège,2010,6,17.06,21.55,33.2,115.8
BE33,Liège,2010,7,20.57,25.15,79.4,130.4
BE33,Liège,2010,8,17.04,20.5,149.4,81.7
BE33,Liège,2010,9,13.84,17.21,69.1,55.6
BE33,Liège,2010,10,10.45,13.76,45.2,42.2
BE33,Liège,2010,11,6.22,8.09,111.3,15.5
BE33,Liège,2010,12,-1.65,0.32,79.8,7.1
BE33,Liège,2011,1,2.99,5.24,86.6,11.3
BE33,Liège,2011,2,4.72,7.64,43.1,21.0
BE33,Liège,2011,3,6.71,11.3,21.3,51.3
BE33,Liège,2011,4,13.27,18.2,26.2,92.9
BE33,Liège,2011,5,15.26,20.0,27.7,123.7
BE33,Liège,2011,6,16.81,20.85,81.0,104.9
BE33,Liège,2011,7,16.05,19.47,72.8,92.9
BE33,Liège,2011,8,17.75,21.42,129.2,84.5
BE33,Liège,2011,9,16.58,20.43,45.3,67.5
BE33,Liège,2011,10,11.76,15.39,25.8,43.6
BE33,Liège,2011,11,8.65,12.38,7.7,21.7
BE33,Liège,2011,12,5.49,7.6,147.0,13.5
BE33,Liège,2012,1,4.27,6.56,104.4,13.5
BE33,Liège,2012,2,-0.11,2.94,28.4,18.4
BE33,Liège,2012,3,8.38,12.79,25.2,49.6
BE33,Liège,2012,4,8.4,12.26,70.0,62.4
BE33,Liège,2012,5,14.59,18.67,56.4,98.1
BE33,Liège,2012,6,15.55,19.08,99.4,84.7
BE33,Liège,2012,7,17.36,20.95,117.7,101.9
BE33,Liège,2012,8,19.33,23.48,32.7,111.8
BE33,Liège,2012,9,14.54,18.55,41.2,66.1
BE33,Liège,2012,10,11.19,14.39,125.4,38.7
BE33,Liège,2012,11,7.24,9.46,48.0,18.2
BE33,Liège,2012,12,4.56,6.5,122.3,13.3
BE33,Liège,2013,1,2.0,3.82,53.5,11.9
BE33,Liège,2013,2,0.34,2.78,48.8,16.5
BE33,Liège,2013,3,2.27,6.01,43.9,38.9
BE33,Liège,2013,4,8.53,12.42,23.8,65.5
BE33,Liège,2013,5,11.53,15.2,114.7,74.1
BE33,Liège,2013,6,15.82,19.92,49.0,95.8
BE33,Liège,2013,7,20.26,24.56,36.9,124.8
BE33,Liège,2013,8,18.75,22.74,50.2,101.8
BE33,Liège,2013,9,14.91,18.58,81.6,60.7
BE33,Liège,2013,10,12.94,15.86,73.9,41.4
BE33,Liège,2013,11,6.05,8.16,108.6,14.2
BE33,Liège,2013,12,5.46,7.97,61.3,19.8
BE33,Liège,2014,1,5.74,7.93,62.6,18.7
BE33,Liège,2014,2,6.08,8.68,59.7,27.7
BE33,Liège,2014,3,8.44,13.43,22.0,59.1
BE33,Liège,2014,4,12.11,16.47,22.1,76.3
BE33,Liège,2014,5,13.47,17.28,67.4,93.7
BE33,Liège,2014,6,16.82,20.86,62.1,108.5
BE33,Liège,2014,7,19.31,23.29,157.1,105.5
BE33,Liège,2014,8,16.33,19.68,131.7,80.0
BE33,Liège,2014,9,15.86,19.58,41.9,57.2
BE33,Liège,2014,10,13.69,16.7,83.3,37.6
BE33,Liège,2014,11,9.18,11.91,53.4,21.4
BE33,Liège,2014,12,4.04,5.87,81.7,10.0
BE33,Liège,2015,1,3.03,5.26,92.8,13.7
BE33,Liège,2015,2,2.69,5.88,49.4,20.5
BE33,Liège,2015,3,6.14,10.19,74.2,41.3
BE33,Liège,2015,4,9.43,14.18,41.8,77.8
BE33,Liège,2015,5,12.93,16.82,45.0,91.0
BE33,Liège,2015,6,16.62,20.85,38.6,118.9
BE33,Liège,2015,7,19.55,23.7,91.4,118.2
BE33,Liège,2015,8,19.75,24.2,83.6,106.8
BE33,Liège,2015,9,13.66,17.29,79.0,58.3
BE33,Liège,2015,10,10.45,13.45,50.9,30.6
BE33,Liège,2015,11,9.55,12.03,95.0,23.1
BE33,Liège,2015,12,9.21,11.15,61.3,21.5
BE33,Liège,2016,1,4.09,6.23,107.5,14.3
BE33,Liège,2016,2,4.35,7.18,102.1,23.3
BE33,Liège,2016,3,4.71,8.05,77.7,38.0
BE33,Liège,2016,4,8.78,12.84,69.6,67.1
BE33,Liège,2016,5,14.16,18.18,76.8,95.0
BE33,Liège,2016,6,17.06,20.65,161.1,87.4
BE33,Liège,2016,7,18.72,22.37,61.1,103.7
BE33,Liège,2016,8,18.76,22.78,64.0,97.7
BE33,Liège,2016,9,18.06,22.38,20.8,80.0
BE33,Liège,2016,10,10.35,13.53,41.6,33.2
BE33,Liège,2016,11,6.42,8.78,71.0,18.6
BE33,Liège,2016,12,4.53,7.26,20.2,13.3
BE33,Liège,2017,1,-0.45,2.48,56.5,13.9
BE33,Liège,2017,2,5.25,8.37,58.3,21.8
BE33,Liège,2017,3,8.46,12.81,74.7,54.4
BE33,Liège,2017,4,7.7,11.96,29.6,64.2
BE33,Liège,2017,5,14.8,19.65,65.2,104.4
BE33,Liège,2017,6,18.72,22.97,51.1,122.8
BE33,Liège,2017,7,18.21,22.15,111.3,105.7
BE33,Liège,2017,8,17.75,21.68,98.0,82.8
BE33,Liège,2017,9,13.6,17.32,109.4,55.9
BE33,Liège,2017,10,12.73,15.69,48.6,41.7
BE33,Liège,2017,11,6.16,8.59,80.1,17.9
BE33,Liège,2017,12,4.01,6.13,115.0,11.8
BE33,Liège,2018,1,5.25,7.59,117.2,16.4
BE33,Liège,2018,2,-0.46,3.2,31.5,24.7
BE33,Liège,2018,3,4.59,8.43,72.0,39.4
BE33,Liège,2018,4,12.2,17.17,48.7,80.5
BE33,Liège,2018,5,15.49,20.74,47.4,111.2
BE33,Liège,2018,6,17.07,21.01,58.7,96.9
BE33,Liège,2018,7,21.48,26.63,13.2,152.6
BE33,Liège,2018,8,19.36,24.12,60.7,116.4
BE33,Liège,2018,9,14.99,19.88,65.6,76.2
BE33,Liège,2018,10,12.19,16.27,34.7,51.6
BE33,Liège,2018,11,6.89,10.29,40.4,22.9
BE33,Liège,2018,12,5.03,7.53,129.4,13.6
BE33,Liège,2019,1,1.87,4.05,78.4,11.9
BE33,Liège,2019,2,6.0,10.46,37.9,33.1
BE33,Liège,2019,3,7.23,10.86,98.3,45.3
BE33,Liège,2019,4,9.94,14.93,37.7,77.4
BE33,Liège,2019,5,10.98,15.1,69.2,81.5
BE33,Liège,2019,6,18.77,23.49,61.9,131.6
BE33,Liège,2019,7,19.39,24.03,60.3,130.4
BE33,Liège,2019,8,18.8,23.34,64.5,107.2
BE33,Liège,2019,9,14.88,18.98,52.6,71.4
BE33,Liège,2019,10,11.86,14.92,113.6,38.9
BE33,Liège,2019,11,6.08,8.9,86.6,17.5
BE33,Liège,2019,12,5.34,7.64,77.8,19.0
BE33,Liège,2020,1,5.04,7.66,44.8,18.1
BE33,Liège,2020,2,6.33,9.09,153.1,30.5
BE33,Liège,2020,3,6.26,10.15,95.8,50.7
BE33,Liège,2020,4,11.87,17.44,15.5,101.2
BE33,Liège,2020,5,13.36,18.48,24.5,119.9
BE33,Liège,2020,6,17.19,21.45,81.9,116.3
BE33,Liège,2020,7,17.7,22.05,57.4,115.3
BE33,Liège,2020,8,21.06,25.65,61.1,123.2
BE33,Liège,2020,9,16.05,20.92,85.0,77.4
BE33,Liège,2020,10,10.99,13.36,85.2,35.0
BE33,Liège,2020,11,8.53,11.79,25.5,25.3
BE33,Liège,2020,12,5.02,6.85,94.2,12.9
BE33,Liège,2021,1,2.27,4.22,120.6,12.5
BE33,Liège,2021,2,4.96,8.51,54.7,33.6
BE33,Liège,2021,3,5.9,10.19,69.4,48.5
BE33,Liège,2021,4,6.22,10.74,44.5,67.2
BE33,Liège,2021,5,10.95,14.98,88.7,87.6
BE33,Liège,2021,6,18.44,22.63,114.0,113.4
BE33,Liège,2021,7,17.42,21.0,144.5,95.3
BE33,Liège,2021,8,16.24,19.77,120.9,79.4
BE33,Liège,2021,9,15.86,20.02,39.3,68.5
BE33,Liège,2021,10,11.1,14.84,76.3,41.4
BE33,Liège,2021,11,5.27,7.97,52.1,14.1
BE33,Liège,2021,12,4.8,6.81,78.9,10.3
BE33,Liège,2022,1,3.2,5.85,83.4,12.5
BE33,Liège,2022,2,5.48,8.81,94.1,28.3
BE33,Liège,2022,3,7.14,12.64,22.4,63.1
BE33,Liège,2022,4,8.89,13.27,36.9,74.2
BE33,Liège,2022,5,14.97,20.03,44.3,115.3
BE33,Liège,2022,6,17.4,22.26,101.1,119.4
BE33,Liège,2022,7,19.11,24.1,29.4,137.7
BE33,Liège,2022,8,20.71,25.85,39.1,130.2
BE33,Liège,2022,9,14.39,18.39,107.5,65.4
BE33,Liège,2022,10,13.85,17.8,59.5,49.2
BE33,Liège,2022,11,8.68,11.18,79.4,24.7
BE33,Liège,2022,12,3.43,5.65,86.8,13.9
BE33,Liège,2023,1,4.29,6.37,100.9,16.5
BE33,Liège,2023,2,4.73,8.03,22.8,23.0
BE33,Liège,2023,3,6.55,9.91,136.6,41.6
BE33,Liège,2023,4,7.98,12.12,85.5,60.4
BE33,Liège,2023,5,12.91,17.58,57.2,98.3
BE33,Liège,2023,6,19.63,24.59,94.5,147.6
BE33,Liège,2023,7,18.59,22.79,130.4,124.8
BE33,Liège,2023,8,17.7,21.67,124.4,90.2
BE33,Liège,2023,9,18.16,22.87,94.1,82.1
BE33,Liège,2023,10,13.23,16.76,107.9,48.0
BE33,Liège,2023,11,7.07,9.33,147.3,20.2
BE33,Liège,2023,12,5.91,7.73,90.1,16.6
BE33,Liège,2024,1,2.42,5.03,83.1,19.4
BE33,Liège,2024,2,7.48,10.01,111.6,23.5
BE33,Liège,2024,3,8.72,12.49,82.1,49.7
BE33,Liège,2024,4,10.12,14.0,92.5,66.6
BE33,Liège,2024,5,14.3,18.44,177.6,84.8
BE33,Liège,2024,6,15.42,19.36,81.9,98.7
BE33,Liège,2024,7,18.08,22.25,93.0,108.1
BE33,Liège,2024,8,19.57,23.97,95.6,107.7
BE33,Liège,2024,9,15.25,19.33,108.5,65.1
BE33,Liège,2024,10,12.27,15.67,100.6,37.6
BE33,Liège,2024,11,6.82,9.61,65.3,19.7
BE33,Liège,2024,12,4.37,6.61,86.4,11.8
BE34,Luxembourg,2000,1,0.5,2.67,56.4,8.4
BE34,Luxembourg,2000,2,2.66,5.54,104.2,18.5
BE34,Luxembourg,2000,3,4.2,7.43,90.3,31.9
BE34,Luxembourg,2000,4,7.67,11.72,68.4,62.7
BE34,Luxembourg,2000,5,12.49,16.28,140.1,82.1
BE34,Luxembourg,2000,6,14.33,18.68,63.2,105.5
BE34,Luxembourg,2000,7,12.95,16.45,196.6,69.6
BE34,Luxembourg,2000,8,15.81,19.85,47.9,92.9
BE34,Luxembourg,2000,9,13.16,16.65,86.3,47.4
BE34,Luxembourg,2000,10,8.75,11.52,98.6,27.8
BE34,Luxembourg,2000,11,4.95,6.88,130.6,12.6
BE34,Luxembourg,2000,12,3.36,5.32,96.0,12.8
BE34,Luxembourg,2001,1,1.14,3.42,126.3,13.7
BE34,Luxembourg,2001,2,1.98,4.85,88.0,19.2
BE34,Luxembourg,2001,3,4.29,7.55,168.4,28.2
BE34,Luxembourg,2001,4,5.29,8.87,148.4,47.2
BE34,Luxembourg,2001,5,12.47,16.67,32.9,97.6
BE34,Luxembourg,2001,6,12.7,16.7,86.0,92.7
BE34,Luxembourg,2001,7,16.21,20.18,106.8,102.8
BE34,Luxembourg,2001,8,16.59,20.81,81.0,94.9
BE34,Luxembourg,2001,9,10.09,12.98,124.0,37.1
BE34,Luxembourg,2001,10,11.94,15.03,51.5,34.7
BE34,Luxembourg,2001,11,2.98,5.62,90.8,12.8
BE34,Luxembourg,2001,12,-0.65,1.95,88.2,9.5
BE34,Luxembourg,2002,1,-0.04,2.02,80.9,9.9
BE34,Luxembourg,2002,2,3.92,6.6,190.9,19.8
BE34,Luxembourg,2002,3,4.88,8.99,79.3,42.8
BE34,Luxembourg,2002,4,6.95,11.35,57.6,68.8
BE34,Luxembourg,2002,5,10.98,14.62,78.3,79.5
BE34,Luxembourg,2002,6,15.2,19.12,44.8,103.2
BE34,Luxembourg,2002,7,15.38,19.26,85.2,92.6
BE34,Luxembourg,2002,8,16.29,20.05,111.5,80.5
BE34,Luxembourg,2002,9,11.78,15.62,50.3,59.4
BE34,Luxembourg,2002,10,8.41,11.4,130.9,31.6
BE34,Luxembourg,2002,11,6.18,8.17,135.3,13.0
BE34,Luxembourg,2002,12,2.51,4.47,104.0,9.7
BE34,Luxembourg,2003,1,-1.25,1.18,109.3,9.2
BE34,Luxembourg,2003,2,-2.28,1.8,26.0,20.6
BE34,Luxembourg,2003,3,5.58,10.24,52.3,52.4
BE34,Luxembourg,2003,4,7.29,11.82,73.6,76.6
BE34,Luxembourg,2003,5,11.49,15.29,115.9,83.5
BE34,Luxembourg,2003,6,17.33,21.74,53.7,115.7
BE34,Luxembourg,2003,7,16.93,20.91,90.2,113.3
BE34,Luxembourg,2003,8,19.36,24.46,60.6,125.2
BE34,Luxembourg,2003,9,12.91,17.73,38.4,73.9
BE34,Luxembourg,2003,10,6.0,9.02,75.8,32.4
BE34,Luxembourg,2003,11,5.89,8.33,52.4,16.8
BE34,Luxembourg,2003,12,1.58,4.1,93.1,10.3
BE34,Luxembourg,2004,1,-0.17,1.91,143.4,9.1
BE34,Luxembourg,2004,2,1.34,4.22,48.2,20.7
BE34,Luxembourg,2004,3,2.68,6.53,50.6,40.2
BE34,Luxembourg,2004,4,7.54,11.55,74.4,63.3
BE34,Luxembourg,2004,5,9.86,13.96,71.7,88.1
BE34,Luxembourg,2004,6,13.5,17.41,74.6,93.6
BE34,Luxembourg,2004,7,14.96,18.66,121.6,93.7
BE34,Luxembourg,2004,8,16.45,20.15,123.7,84.8
BE34,Luxembourg,2004,9,13.3,16.94,50.3,67.3
BE34,Luxembourg,2004,10,9.47,12.57,64.9,34.7
BE34,Luxembourg,2004,11,3.77,6.01,47.2,12.6
BE34,Luxembourg,2004,12,-0.46,2.33,71.0,7.5
BE34,Luxembourg,2005,1,0.98,3.2,69.6,11.1
BE34,Luxembourg,2005,2,-2.01,0.85,80.8,14.6
BE34,Luxembourg,2005,3,3.25,6.89,47.3,39.5
BE34,Luxembourg,2005,4,7.84,11.6,82.3,57.8
BE34,Luxembourg,2005,5,10.84,14.86,85.2,89.8
BE34,Luxembourg,2005,6,15.81,20.32,44.2,114.1
BE34,Luxembourg,2005,7,16.38,20.13,98.4,99.1
BE34,Luxembourg,2005,8,14.15,17.98,79.9,79.8
BE34,Luxembourg,2005,9,14.19,18.24,42.3,67.2
BE34,Luxembourg,2005,10,11.63,15.48,48.2,41.7
BE34,Luxembourg,2005,11,3.83,6.07,56.3,14.1
BE34,Luxembourg,2005,12,0.13,1.83,66.8,6.9
BE34,Luxembourg,2006,1,-1.08,1.73,29.2,15.5
BE34,Luxembourg,2006,2,-0.29,2.54,81.6,15.2
BE34,Luxembourg,2006,3,1.11,4.87,126.8,33.7
BE34,Luxembourg,2006,4,6.42,10.32,79.4,57.3
BE34,Luxembourg,2006,5,11.42,14.99,144.2,75.6
BE34,Luxembourg,2006,6,14.76,18.92,59.8,107.0
BE34,Luxembourg,2006,7,20.36,24.82,55.6,142.4
BE34,Luxembourg,2006,8,13.42,16.74,200.8,63.2
BE34,Luxembourg,2006,9,15.7,19.54,31.4,65.3
BE34,Luxembourg,2006,10,11.68,14.64,79.9,34.7
BE34,Luxembourg,2006,11,6.31,8.82,99.5,15.1
BE34,Luxembourg,2006,12,2.91,5.22,75.3,9.6
BE34,Luxembourg,2007,1,3.64,5.53,138.1,11.9
BE34,Luxembourg,2007,2,3.89,6.74,122.1,17.5
BE34,Luxembourg,2007,3,4.72,8.45,113.9,40.7
BE34,Luxembourg,2007,4,11.26,16.59,6.0,96.9
BE34,Luxembourg,2007,5,12.6,16.49,111.7,88.4
BE34,Luxembourg,2007,6,15.04,18.42,143.1,85.8
BE34,Luxembourg,2007,7,14.32,17.66,144.9,86.2
BE34,Luxembourg,2007,8,14.43,17.97,128.6,76.4
BE34,Luxembourg,2007,9,11.25,14.63,59.4,48.4
BE34,Luxembourg,2007,10,8.29,11.43,42.9,30.9
BE34,Luxembourg,2007,11,3.14,5.59,62.0,12.8
BE34,Luxembourg,2007,12,0.94,3.41,105.4,9.9
BE34,Luxembourg,2008,1,2.61,4.7,93.4,12.1
BE34,Luxembourg,2008,2,2.86,6.6,86.5,24.4
BE34,Luxembourg,2008,3,2.91,5.85,193.0,33.4
BE34,Luxembourg,2008,4,5.99,9.6,91.4,52.0
BE34,Luxembourg,2008,5,13.33,17.3,59.0,101.5
BE34,Luxembourg,2008,6,14.03,17.77,107.9,90.1
BE34,Luxembourg,2008,7,15.4,19.11,108.0,95.6
BE34,Luxembourg,2008,8,15.25,18.59,99.8,77.6
BE34,Luxembourg,2008,9,10.94,14.55,77.1,52.4
BE34,Luxembourg,2008,10,7.84,10.93,91.2,25.9
BE34,Luxembourg,2008,11,4.0,6.27,67.2,13.5
BE34,Luxembourg,2008,12,-0.24,1.76,63.1,8.7
BE34,Luxembourg,2009,1,-1.93,0.97,60.6,12.7
BE34,Luxembourg,2009,2,0.11,2.56,71.3,13.6
BE34,Luxembourg,2009,3,3.21,6.97,86.7,35.6
BE34,Luxembourg,2009,4,9.72,13.85,77.9,69.2
BE34,Luxembourg,2009,5,11.76,15.64,82.9,82.7
BE34,Luxembourg,2009,6,13.33,17.11,117.1,93.3
BE34,Luxembourg,2009,7,15.86,19.55,122.2,100.7
BE34,Luxembourg,2009,8,16.69,21.3,56.0,107.0
BE34,Luxembourg,2009,9,13.28,17.23,48.3,58.3
BE34,Luxembourg,2009,10,8.27,11.38,62.8,29.5
BE34,Luxembourg,2009,11,6.35,8.47,157.6,13.8
BE34,Luxembourg,2009,12,-0.0,2.48,106.1,7.6
BE34,Luxembourg,2010,1,-2.63,-0.89,51.0,9.6
BE34,Luxembourg,2010,2,-0.89,1.66,95.4,14.2
BE34,Luxembourg,2010,3,3.02,6.68,67.0,39.8
BE34,Luxembourg,2010,4,7.17,11.87,33.3,71.4
BE34,Luxembourg,2010,5,8.76,12.59,92.8,74.4
BE34,Luxembourg,2010,6,14.87,18.99,40.5,105.8
BE34,Luxembourg,2010,7,17.9,22.36,97.5,120.1
BE34,Luxembourg,2010,8,14.73,18.22,145.1,74.3
BE34,Luxembourg,2010,9,11.34,14.85,80.0,52.2
BE34,Luxembourg,2010,10,7.92,11.31,45.7,37.3
BE34,Luxembourg,2010,11,3.78,5.56,112.9,11.7
BE34,Luxembourg,2010,12,-3.57,-1.52,108.8,6.3
BE34,Luxembourg,2011,1,0.75,2.98,105.4,9.7
BE34,Luxembourg,2011,2,1.91,4.73,38.9,16.3
BE34,Luxembourg,2011,3,4.91,9.57,18.4,51.1
BE34,Luxembourg,2011,4,10.95,15.81,36.1,88.2
BE34,Luxembourg,2011,5,12.88,17.65,46.1,116.6
BE34,Luxembourg,2011,6,14.36,18.37,98.5,95.2
BE34,Luxembourg,2011,7,13.73,17.24,88.2,88.9
BE34,Luxembourg,2011,8,15.47,19.16,146.0,78.2
BE34,Luxembourg,2011,9,14.16,17.9,43.5,60.3
BE34,Luxembourg,2011,10,9.16,12.66,35.8,35.2
BE34,Luxembourg,2011,11,5.88,9.19,14.5,16.0
BE34,Luxembourg,2011,12,2.74,4.89,220.8,8.0
BE34,Luxembourg,2012,1,1.84,4.14,126.8,10.1
BE34,Luxembourg,2012,2,-2.5,0.66,29.9,17.6
BE34,Luxembourg,2012,3,6.29,10.82,39.9,49.6
BE34,Luxembourg,2012,4,5.93,9.86,112.0,55.0
BE34,Luxembourg,2012,5,12.34,16.23,89.6,89.0
BE34,Luxembourg,2012,6,13.25,16.69,131.0,73.5
BE34,Luxembourg,2012,7,14.76,18.35,149.6,92.1
BE34,Luxembourg,2012,8,16.82,20.85,41.5,102.8
BE34,Luxembourg,2012,9,12.12,16.13,85.4,60.4
BE34,Luxembourg,2012,10,8.76,11.93,118.3,33.2
BE34,Luxembourg,2012,11,4.62,6.73,62.0,11.8
BE34,Luxembourg,2012,12,1.73,3.7,145.2,8.2
BE34,Luxembourg,2013,1,-0.39,1.29,66.8,8.5
BE34,Luxembourg,2013,2,-2.42,0.09,52.5,14.7
BE34,Luxembourg,2013,3,0.24,3.71,52.9,33.9
BE34,Luxembourg,2013,4,6.31,10.18,49.6,58.9
BE34,Luxembourg,2013,5,8.97,12.32,148.4,62.1
BE34,Luxembourg,2013,6,13.47,17.26,91.3,87.4
BE34,Luxembourg,2013,7,18.05,22.27,56.3,119.1
BE34,Luxembourg,2013,8,16.07,20.1,55.4,92.7
BE34,Luxembourg,2013,9,12.58,16.25,123.2,55.0
BE34,Luxembourg,2013,10,10.32,13.16,99.6,31.4
BE34,Luxembourg,2013,11,3.56,5.51,133.7,10.7
BE34,Luxembourg,2013,12,2.47,4.93,75.4,11.8
BE34,Luxembourg,2014,1,2.91,4.95,97.7,11.2
BE34,Luxembourg,2014,2,3.0,5.5,102.3,17.0
BE34,Luxembourg,2014,3,5.88,10.84,25.3,53.6
BE34,Luxembourg,2014,4,9.57,14.01,36.2,71.9
BE34,Luxembourg,2014,5,10.84,14.82,95.9,84.4
BE34,Luxembourg,2014,6,14.74,18.9,53.1,110.4
BE34,Luxembourg,2014,7,17.01,20.89,138.0,101.3
BE34,Luxembourg,2014,8,13.89,17.26,146.0,71.6
BE34,Luxembourg,2014,9,13.68,17.41,35.9,54.2
BE34,Luxembourg,2014,10,11.04,14.0,109.3,29.9
BE34,Luxembourg,2014,11,6.43,8.98,54.6,14.6
BE34,Luxembourg,2014,12,1.53,3.37,115.7,6.4
BE34,Luxembourg,2015,1,0.35,2.69,120.1,9.0
BE34,Luxembourg,2015,2,-0.01,2.94,60.9,16.8
BE34,Luxembourg,2015,3,3.88,7.94,73.7,37.8
BE34,Luxembourg,2015,4,7.57,12.17,68.6,72.9
BE34,Luxembourg,2015,5,10.46,14.18,54.4,78.2
BE34,Luxembourg,2015,6,14.5,18.57,46.9,109.6
BE34,Luxembourg,2015,7,17.86,22.29,73.7,120.6
BE34,Luxembourg,2015,8,17.65,22.24,103.1,105.0
BE34,Luxembourg,2015,9,11.26,14.7,111.0,51.8
BE34,Luxembourg,2015,10,8.11,10.89,33.6,26.7
BE34,Luxembourg,2015,11,6.67,9.12,111.2,14.6
BE34,Luxembourg,2015,12,6.01,8.01,60.8,11.0
BE34,Luxembourg,2016,1,1.15,3.31,121.3,8.9
BE34,Luxembourg,2016,2,1.99,4.67,134.9,18.1
BE34,Luxembourg,2016,3,2.38,5.8,98.7,33.8
BE34,Luxembourg,2016,4,6.24,10.37,91.0,59.1
BE34,Luxembourg,2016,5,11.39,15.28,108.8,82.0
BE34,Luxembourg,2016,6,14.53,17.98,203.2,78.1
BE34,Luxembourg,2016,7,16.43,20.03,75.2,97.8
BE34,Luxembourg,2016,8,16.68,20.75,51.2,95.1
BE34,Luxembourg,2016,9,15.65,19.99,18.5,74.8
BE34,Luxembourg,2016,10,7.95,11.19,65.3,30.3
BE34,Luxembourg,2016,11,4.06,6.19,85.4,15.0
BE34,Luxembourg,2016,12,1.43,4.2,15.2,9.5
BE34,Luxembourg,2017,1,-2.95,-0.69,65.0,10.3
BE34,Luxembourg,2017,2,2.86,5.72,70.1,15.7
BE34,Luxembourg,2017,3,6.48,10.51,81.8,47.4
BE34,Luxembourg,2017,4,5.97,10.07,21.1,63.5
BE34,Luxembourg,2017,5,12.93,17.5,66.8,100.0
BE34,Luxembourg,2017,6,16.53,20.8,79.7,113.1
BE34,Luxembourg,2017,7,16.46,20.16,83.7,99.2
BE34,Luxembourg,2017,8,15.91,19.4,99.4,77.6
BE34,Luxembourg,2017,9,11.48,14.72,98.7,47.9
BE34,Luxembourg,2017,10,10.24,13.0,43.4,32.1
BE34,Luxembourg,2017,11,3.99,6.37,105.3,12.5
BE34,Luxembourg,2017,12,1.47,3.37,162.5,6.2
BE34,Luxembourg,2018,1,3.31,5.29,173.3,9.6
BE34,Luxembourg,2018,2,-2.53,0.6,31.5,21.7
BE34,Luxembourg,2018,3,2.45,5.82,85.8,32.6
BE34,Luxembourg,2018,4,10.45,14.93,59.4,75.6
BE34,Luxembourg,2018,5,13.66,18.33,60.0,107.0
BE34,Luxembourg,2018,6,15.6,19.19,95.2,97.8
BE34,Luxembourg,2018,7,19.62,24.19,25.6,144.6
BE34,Luxembourg,2018,8,17.69,22.1,44.1,113.0
BE34,Luxembourg,2018,9,13.71,18.31,58.8,75.2
BE34,Luxembourg,2018,10,10.37,14.27,40.5,46.7
BE34,Luxembourg,2018,11,5.01,7.65,88.8,17.0
BE34,Luxembourg,2018,12,2.92,5.19,168.1,7.9
BE34,Luxembourg,2019,1,-0.31,1.58,101.1,8.4
BE34,Luxembourg,2019,2,3.79,7.6,56.0,28.9
BE34,Luxembourg,2019,3,5.11,8.5,151.7,38.4
BE34,Luxembourg,2019,4,7.81,12.18,67.2,69.3
BE34,Luxembourg,2019,5,9.23,12.96,87.1,76.3
BE34,Luxembourg,2019,6,16.98,21.57,45.1,126.3
BE34,Luxembourg,2019,7,17.46,21.88,56.8,129.3
BE34,Luxembourg,2019,8,17.52,22.0,102.2,107.9
BE34,Luxembourg,2019,9,12.98,16.87,67.9,66.3
BE34,Luxembourg,2019,10,9.83,12.57,157.2,28.7
BE34,Luxembourg,2019,11,4.04,6.22,146.4,11.6
BE34,Luxembourg,2019,12,3.24,5.29,146.3,11.7
BE34,Luxembourg,2020,1,2.9,5.28,96.0,11.1
BE34,Luxembourg,2020,2,3.81,6.38,231.9,18.2
BE34,Luxembourg,2020,3,4.25,7.95,108.3,44.0
BE34,Luxembourg,2020,4,10.65,15.78,29.7,101.1
BE34,Luxembourg,2020,5,11.59,16.4,47.9,114.5
BE34,Luxembourg,2020,6,14.87,18.89,90.8,105.0
BE34,Luxembourg,2020,7,15.93,19.95,40.5,110.0
BE34,Luxembourg,2020,8,18.89,23.28,49.2,116.1
BE34,Luxembourg,2020,9,14.67,19.11,90.1,76.4
BE34,Luxembourg,2020,10,8.71,10.76,169.4,23.1
BE34,Luxembourg,2020,11,6.12,8.82,41.2,16.9
BE34,Luxembourg,2020,12,2.77,4.13,186.9,6.2
BE34,Luxembourg,2021,1,-0.33,1.43,147.2,8.4
BE34,Luxembourg,2021,2,2.77,6.11,60.8,25.8
BE34,Luxembourg,2021,3,3.87,7.85,86.1,43.9
BE34,Luxembourg,2021,4,4.65,9.05,51.0,67.0
BE34,Luxembourg,2021,5,8.55,12.3,121.2,72.9
BE34,Luxembourg,2021,6,16.65,20.52,116.6,108.4
BE34,Luxembourg,2021,7,15.52,18.88,174.0,87.8
BE34,Luxembourg,2021,8,14.49,17.65,84.6,75.0
BE34,Luxembourg,2021,9,14.14,18.04,34.9,65.1
BE34,Luxembourg,2021,10,8.83,12.23,88.3,32.1
BE34,Luxembourg,2021,11,3.35,5.6,64.8,11.2
BE34,Luxembourg,2021,12,2.72,4.43,95.7,6.3
BE34,Luxembourg,2022,1,0.9,3.5,98.5,8.7
BE34,Luxembourg,2022,2,3.1,6.05,118.7,19.1
BE34,Luxembourg,2022,3,5.42,10.41,27.9,61.5
BE34,Luxembourg,2022,4,6.97,11.2,65.8,69.5
BE34,Luxembourg,2022,5,13.3,18.01,54.2,108.0
BE34,Luxembourg,2022,6,15.93,20.4,77.8,113.6
BE34,Luxembourg,2022,7,17.34,22.02,20.1,135.9
BE34,Luxembourg,2022,8,19.14,24.08,31.1,130.6
BE34,Luxembourg,2022,9,12.39,16.01,124.6,61.0
BE34,Luxembourg,2022,10,11.77,15.38,90.1,38.0
BE34,Luxembourg,2022,11,6.43,8.41,91.7,13.8
BE34,Luxembourg,2022,12,1.62,3.6,129.2,9.0
BE34,Luxembourg,2023,1,1.82,3.83,152.6,8.7
BE34,Luxembourg,2023,2,2.78,5.77,26.2,20.7
BE34,Luxembourg,2023,3,4.55,7.69,165.5,32.9
BE34,Luxembourg,2023,4,6.1,9.89,81.5,52.8
BE34,Luxembourg,2023,5,11.65,15.91,47.5,98.5
BE34,Luxembourg,2023,6,18.04,22.59,54.9,147.9
BE34,Luxembourg,2023,7,16.17,19.94,110.3,103.7
BE34,Luxembourg,2023,8,15.93,19.61,125.0,83.6
BE34,Luxembourg,2023,9,16.2,20.59,54.7,77.5
BE34,Luxembourg,2023,10,10.91,14.16,135.7,37.4
BE34,Luxembourg,2023,11,4.79,6.79,187.0,10.6
BE34,Luxembourg,2023,12,3.42,5.06,130.9,7.4
BE34,Luxembourg,2024,1,0.51,2.8,120.3,12.7
BE34,Luxembourg,2024,2,5.17,7.36,155.6,13.7
BE34,Luxembourg,2024,3,6.34,9.81,100.3,39.4
BE34,Luxembourg,2024,4,7.68,11.31,89.3,55.0
BE34,Luxembourg,2024,5,12.11,15.73,155.4,76.6
BE34,Luxembourg,2024,6,13.68,17.43,82.6,91.0
BE34,Luxembourg,2024,7,16.18,20.14,96.6,101.4
BE34,Luxembourg,2024,8,17.55,21.68,114.5,97.8
BE34,Luxembourg,2024,9,13.16,16.48,130.8,56.8
BE34,Luxembourg,2024,10,10.47,13.72,133.3,30.6
BE34,Luxembourg,2024,11,4.85,7.37,83.9,15.2
BE34,Luxembourg,2024,12,1.88,3.96,100.7,7.3
BE35,Namur,2000,1,3.44,5.54,38.0,12.0
BE35,Namur,2000,2,5.51,8.45,67.8,25.6
BE35,Namur,2000,3,6.73,9.91,67.1,36.9
BE35,Namur,2000,4,9.95,14.16,69.1,69.8
BE35,Namur,2000,5,14.65,18.42,107.9,88.9
BE35,Namur,2000,6,16.26,20.44,52.7,110.8
BE35,Namur,2000,7,15.08,18.61,172.2,73.1
BE35,Namur,2000,8,17.71,21.94,79.2,97.1
BE35,Namur,2000,9,15.79,19.23,72.9,57.7
BE35,Namur,2000,10,11.32,14.02,73.6,39.2
BE35,Namur,2000,11,7.66,9.69,91.0,21.9
BE35,Namur,2000,12,5.7,7.81,66.5,19.4
BE35,Namur,2001,1,3.31,5.81,106.9,16.8
BE35,Namur,2001,2,4.38,7.31,72.9,22.5
BE35,Namur,2001,3,6.53,9.89,127.7,33.9
BE35,Namur,2001,4,7.94,11.53,120.7,55.8
BE35,Namur,2001,5,14.25,18.69,21.6,106.6
BE35,Namur,2001,6,15.15,19.3,55.0,103.6
BE35,Namur,2001,7,18.57,22.55,84.5,112.2
BE35,Namur,2001,8,19.11,23.37,74.5,105.7
BE35,Namur,2001,9,12.83,15.98,132.0,46.6
BE35,Namur,2001,10,14.54,17.64,41.4,46.9
BE35,Namur,2001,11,5.81,8.47,84.5,15.5
BE35,Namur,2001,12,1.9,4.48,69.7,10.8
BE35,Namur,2002,1,3.82,6.1,61.2,17.2
BE35,Namur,2002,2,6.75,9.42,144.5,30.2
BE35,Namur,2002,3,7.25,11.39,61.4,47.1
BE35,Namur,2002,4,9.24,13.75,47.3,75.5
BE35,Namur,2002,5,13.38,17.14,65.2,87.4
BE35,Namur,2002,6,17.06,21.17,63.7,106.7
BE35,Namur,2002,7,17.46,21.36,89.0,96.9
BE35,Namur,2002,8,18.35,22.06,125.5,80.9
BE35,Namur,2002,9,14.13,18.1,35.4,62.3
BE35,Namur,2002,10,10.9,13.89,75.1,40.3
BE35,Namur,2002,11,8.62,10.95,101.8,18.0
BE35,Namur,2002,12,4.66,6.95,96.2,12.0
BE35,Namur,2003,1,1.96,4.35,69.4,14.2
BE35,Namur,2003,2,1.81,6.13,20.5,28.1
BE35,Namur,2003,3,7.83,12.49,37.1,56.0
BE35,Namur,2003,4,9.72,14.48,54.5,84.3
BE35,Namur,2003,5,13.66,17.6,90.5,91.6
BE35,Namur,2003,6,19.11,23.66,58.8,120.9
BE35,Namur,2003,7,19.22,23.35,74.5,121.1
BE35,Namur,2003,8,20.84,25.76,44.9,125.3
BE35,Namur,2003,9,15.42,20.5,23.4,81.8
BE35,Namur,2003,10,8.22,11.7,69.2,36.7
BE35,Namur,2003,11,8.44,11.08,30.9,21.6
BE35,Namur,2003,12,4.0,6.62,79.0,12.3
BE35,Namur,2004,1,2.76,4.99,116.4,13.3
BE35,Namur,2004,2,4.29,7.0,53.9,26.6
BE35,Namur,2004,3,5.49,9.6,39.9,47.4
BE35,Namur,2004,4,9.98,14.11,48.9,69.8
BE35,Namur,2004,5,12.08,16.21,50.9,91.1
BE35,Namur,2004,6,15.86,19.92,69.9,102.2
BE35,Namur,2004,7,17.2,21.13,85.2,104.0
BE35,Namur,2004,8,18.97,22.83,91.5,96.8
BE35,Namur,2004,9,15.84,19.72,42.1,77.0
BE35,Namur,2004,10,12.08,15.4,39.1,46.8
BE35,Namur,2004,11,6.37,8.83,49.7,15.9
BE35,Namur,2004,12,2.49,4.98,46.0,9.1
BE35,Namur,2005,1,4.2,6.56,41.5,17.6
BE35,Namur,2005,2,1.72,4.53,68.4,19.2
BE35,Namur,2005,3,6.46,10.18,39.6,45.2
BE35,Namur,2005,4,10.1,14.06,67.3,62.9
BE35,Namur,2005,5,12.99,17.11,70.7,97.3
BE35,Namur,2005,6,17.76,22.34,33.3,122.9
BE35,Namur,2005,7,18.35,22.3,91.9,105.1
BE35,Namur,2005,8,16.35,20.18,79.0,84.7
BE35,Namur,2005,9,16.34,20.47,39.6,71.4
BE35,Namur,2005,10,14.22,18.15,49.6,49.4
BE35,Namur,2005,11,6.35,8.61,52.8,19.9
BE35,Namur,2005,12,3.13,4.99,38.6,10.1
BE35,Namur,2006,1,1.17,4.22,21.1,15.3
BE35,Namur,2006,2,2.05,4.81,73.5,16.8
BE35,Namur,2006,3,3.83,7.77,75.6,40.5
BE35,Namur,2006,4,8.78,12.92,61.8,63.9
BE35,Namur,2006,5,13.86,17.59,106.7,85.4
BE35,Namur,2006,6,16.55,20.84,46.8,108.7
BE35,Namur,2006,7,22.26,26.95,49.7,146.0
BE35,Namur,2006,8,15.97,19.47,139.1,71.9
BE35,Namur,2006,9,18.16,22.18,19.5,74.1
BE35,Namur,2006,10,14.29,17.33,48.8,44.5
BE35,Namur,2006,11,8.96,11.45,63.2,22.3
BE35,Namur,2006,12,5.44,7.5,79.7,16.5
BE35,Namur,2007,1,6.5,8.37,73.8,19.5
BE35,Namur,2007,2,6.38,9.15,85.8,22.9
BE35,Namur,2007,3,7.27,11.38,78.1,48.5
BE35,Namur,2007,4,13.09,18.8,2.9,100.0
BE35,Namur,2007,5,14.75,18.75,99.1,99.5
BE35,Namur,2007,6,17.24,20.72,99.7,93.8
BE35,Namur,2007,7,16.9,20.33,126.3,98.4
BE35,Namur,2007,8,16.6,20.15,90.2,81.7
BE35,Namur,2007,9,13.84,17.31,57.0,55.0
BE35,Namur,2007,10,10.28,13.48,52.3,32.5
BE35,Namur,2007,11,5.96,8.46,50.4,17.4
BE35,Namur,2007,12,3.48,6.09,69.7,13.2
BE35,Namur,2008,1,5.7,7.83,63.4,20.4
BE35,Namur,2008,2,5.09,9.22,44.6,28.5
BE35,Namur,2008,3,5.85,8.93,134.1,42.8
BE35,Namur,2008,4,8.49,12.44,60.3,62.5
BE35,Namur,2008,5,15.6,19.88,74.0,111.4
BE35,Namur,2008,6,15.81,19.84,106.8,94.2
BE35,Namur,2008,7,17.64,21.31,71.5,101.4
BE35,Namur,2008,8,17.59,20.99,75.6,87.2
BE35,Namur,2008,9,13.48,17.13,48.2,61.0
BE35,Namur,2008,10,10.26,13.56,68.5,33.9
BE35,Namur,2008,11,6.63,9.11,56.2,17.5
BE35,Namur,2008,12,2.31,4.57,36.1,10.0
BE35,Namur,2009,1,0.04,3.15,59.2,14.9
BE35,Namur,2009,2,2.94,5.61,58.5,15.9
BE35,Namur,2009,3,5.87,9.65,63.9,43.1
BE35,Namur,2009,4,11.67,16.12,58.9,73.6
BE35,Namur,2009,5,13.74,17.83,84.3,89.1
BE35,Namur,2009,6,15.57,19.51,69.2,103.8
BE35,Namur,2009,7,18.28,22.17,78.1,113.2
BE35,Namur,2009,8,18.93,23.6,51.8,115.6
BE35,Namur,2009,9,15.49,19.55,33.4,66.3
BE35,Namur,2009,10,11.1,14.25,47.6,37.4
BE35,Namur,2009,11,9.26,11.35,113.9,24.7
BE35,Namur,2009,12,2.53,4.95,85.5,10.5
BE35,Namur,2010,1,-0.32,1.55,46.3,10.6
BE35,Namur,2010,2,2.25,4.99,83.6,18.6
BE35,Namur,2010,3,5.89,9.53,43.4,46.9
BE35,Namur,2010,4,9.28,14.09,24.7,77.4
BE35,Namur,2010,5,10.65,14.63,58.9,82.1
BE35,Namur,2010,6,16.98,21.49,35.3,116.0
BE35,Namur,2010,7,20.36,24.95,89.5,130.9
BE35,Namur,2010,8,16.94,20.43,151.3,82.3
BE35,Namur,2010,9,13.85,17.31,65.1,57.9
BE35,Namur,2010,10,10.46,13.84,48.7,42.8
BE35,Namur,2010,11,6.13,8.09,100.2,15.9
BE35,Namur,2010,12,-1.34,0.51,76.9,7.7
BE35,Namur,2011,1,3.15,5.46,73.9,11.7
BE35,Namur,2011,2,4.74,7.65,40.4,20.2
BE35,Namur,2011,3,6.65,11.38,19.9,51.5
BE35,Namur,2011,4,13.28,18.37,24.0,94.5
BE35,Namur,2011,5,14.97,19.75,26.3,124.0
BE35,Namur,2011,6,16.47,20.68,89.9,103.8
BE35,Namur,2011,7,15.88,19.43,85.0,93.6
BE35,Namur,2011,8,17.52,21.33,132.6,86.0
BE35,Namur,2011,9,16.45,20.4,39.3,68.3
BE35,Namur,2011,10,11.88,15.58,26.8,44.9
BE35,Namur,2011,11,8.55,12.23,9.3,20.8
BE35,Namur,2011,12,5.69,7.93,149.1,14.9
BE35,Namur,2012,1,4.4,6.75,85.2,14.2
BE35,Namur,2012,2,0.07,3.12,29.8,19.2
BE35,Namur,2012,3,8.24,12.88,32.3,50.3
BE35,Namur,2012,4,8.18,12.19,81.1,61.6
BE35,Namur,2012,5,14.19,18.41,62.0,96.1
BE35,Namur,2012,6,15.33,18.94,120.5,85.3
BE35,Namur,2012,7,17.09,20.78,114.1,101.6
BE35,Namur,2012,8,19.06,23.3,33.0,111.0
BE35,Namur,2012,9,14.42,18.55,50.2,67.1
BE35,Namur,2012,10,11.15,14.41,128.2,38.6
BE35,Namur,2012,11,7.18,9.4,43.4,18.5
BE35,Namur,2012,12,4.85,6.85,100.9,14.1
BE35,Namur,2013,1,1.85,3.82,49.8,11.6
BE35,Namur,2013,2,0.75,3.4,47.8,18.6
BE35,Namur,2013,3,2.28,6.05,53.6,38.7
BE35,Namur,2013,4,8.3,12.32,29.2,65.3
BE35,Namur,2013,5,11.18,14.96,99.1,72.4
BE35,Namur,2013,6,15.63,19.76,54.8,95.9
BE35,Namur,2013,7,20.14,24.56,34.2,127.6
BE35,Namur,2013,8,18.58,22.62,48.9,101.5
BE35,Namur,2013,9,14.92,18.75,83.4,61.5
BE35,Namur,2013,10,12.96,15.94,64.4,42.7
BE35,Namur,2013,11,6.11,8.28,103.8,14.7
BE35,Namur,2013,12,5.28,7.85,73.0,19.0
BE35,Namur,2014,1,5.69,7.94,66.8,18.7
BE35,Namur,2014,2,6.05,8.83,71.0,27.5
BE35,Namur,2014,3,8.21,13.33,18.7,59.1
BE35,Namur,2014,4,11.91,16.41,21.4,77.1
BE35,Namur,2014,5,13.35,17.26,67.6,95.9
BE35,Namur,2014,6,16.53,20.64,71.0,109.9
BE35,Namur,2014,7,19.05,22.95,123.6,104.8
BE35,Namur,2014,8,16.22,19.75,115.7,80.1
BE35,Namur,2014,9,15.82,19.69,42.1,58.8
BE35,Namur,2014,10,13.53,16.54,83.8,37.6
BE35,Namur,2014,11,8.96,11.87,59.6,21.4
BE35,Namur,2014,12,4.11,6.11,85.0,11.1
BE35,Namur,2015,1,3.09,5.44,85.3,14.2
BE35,Namur,2015,2,3.02,6.35,55.9,21.7
BE35,Namur,2015,3,6.1,10.23,64.2,42.5
BE35,Namur,2015,4,9.38,14.22,42.4,77.9
BE35,Namur,2015,5,12.61,16.56,61.1,87.7
BE35,Namur,2015,6,16.39,20.76,39.6,119.0
BE35,Namur,2015,7,19.21,23.4,68.8,116.8
BE35,Namur,2015,8,19.52,24.08,71.2,108.9
BE35,Namur,2015,9,13.59,17.29,69.7,59.8
BE35,Namur,2015,10,10.42,13.51,38.8,31.3
BE35,Namur,2015,11,9.6,12.19,89.1,24.2
BE35,Namur,2015,12,9.03,11.0,48.8,20.8
BE35,Namur,2016,1,4.09,6.37,104.0,14.7
BE35,Namur,2016,2,4.45,7.38,103.1,24.7
BE35,Namur,2016,3,4.89,8.5,82.5,39.4
BE35,Namur,2016,4,8.64,12.85,76.0,67.8
BE35,Namur,2016,5,13.91,17.96,94.7,94.4
BE35,Namur,2016,6,16.75,20.38,120.0,84.4
BE35,Namur,2016,7,18.6,22.31,60.3,106.1
BE35,Namur,2016,8,18.68,22.81,59.6,99.8
BE35,Namur,2016,9,18.01,22.44,15.1,80.9
BE35,Namur,2016,10,10.38,13.8,41.3,35.1
BE35,Namur,2016,11,6.42,8.81,63.0,19.2
BE35,Namur,2016,12,4.31,7.03,19.5,13.1
BE35,Namur,2017,1,-0.44,2.4,60.3,13.6
BE35,Namur,2017,2,5.33,8.21,50.8,21.7
BE35,Namur,2017,3,8.39,12.67,66.7,54.2
BE35,Namur,2017,4,7.64,11.9,27.8,66.2
BE35,Namur,2017,5,14.63,19.42,60.6,105.6
BE35,Namur,2017,6,18.36,22.69,58.5,123.2
BE35,Namur,2017,7,17.98,22.01,85.9,107.2
BE35,Namur,2017,8,17.49,21.42,87.6,83.0
BE35,Namur,2017,9,13.49,17.15,87.6,56.1
BE35,Namur,2017,10,12.56,15.55,34.7,41.6
BE35,Namur,2017,11,5.98,8.54,77.6,17.4
BE35,Namur,2017,12,3.84,5.94,108.9,10.6
BE35,Namur,2018,1,5.24,7.48,116.1,15.6
BE35,Namur,2018,2,-0.44,3.07,32.8,24.4
BE35,Namur,2018,3,4.6,8.33,77.1,38.3
BE35,Namur,2018,4,11.94,16.62,52.8,79.3
BE35,Namur,2018,5,15.09,20.29,39.9,111.2
BE35,Namur,2018,6,16.92,20.9,40.4,100.9
BE35,Namur,2018,7,21.45,26.5,9.8,156.4
BE35,Namur,2018,8,19.24,24.05,55.9,119.7
BE35,Namur,2018,9,14.99,19.91,65.9,79.2
BE35,Namur,2018,10,12.04,16.02,38.0,51.5
BE35,Namur,2018,11,6.91,9.92,50.6,22.7
BE35,Namur,2018,12,4.86,7.45,106.8,12.9
BE35,Namur,2019,1,1.84,4.02,69.2,11.8
BE35,Namur,2019,2,5.87,10.13,44.8,33.1
BE35,Namur,2019,3,7.17,10.65,95.4,45.5
BE35,Namur,2019,4,9.6,14.44,40.0,75.8
BE35,Namur,2019,5,10.77,14.86,69.2,82.7
BE35,Namur,2019,6,18.14,22.86,70.0,126.2
BE35,Namur,2019,7,18.91,23.44,31.9,129.1
BE35,Namur,2019,8,18.65,23.17,59.7,109.2
BE35,Namur,2019,9,14.71,18.8,60.9,71.0
BE35,Namur,2019,10,11.68,14.61,111.9,37.2
BE35,Namur,2019,11,5.93,8.58,89.6,16.2
BE35,Namur,2019,12,5.14,7.47,99.3,17.7
BE35,Namur,2020,1,4.81,7.32,42.7,15.9
BE35,Namur,2020,2,6.15,8.92,161.2,28.5
BE35,Namur,2020,3,6.04,9.85,94.7,49.1
BE35,Namur,2020,4,11.72,17.18,13.9,99.6
BE35,Namur,2020,5,13.13,18.12,27.9,118.8
BE35,Namur,2020,6,16.83,21.05,67.4,116.7
BE35,Namur,2020,7,17.25,21.43,48.8,113.6
BE35,Namur,2020,8,20.63,25.31,49.6,123.3
BE35,Namur,2020,9,16.21,20.94,96.8,78.8
BE35,Namur,2020,10,10.71,13.06,97.3,32.5
BE35,Namur,2020,11,8.31,11.33,31.5,23.8
BE35,Namur,2020,12,4.8,6.61,102.1,11.0
BE35,Namur,2021,1,2.03,3.99,126.8,11.4
BE35,Namur,2021,2,4.6,8.11,53.8,32.1
BE35,Namur,2021,3,5.83,9.91,65.8,48.2
BE35,Namur,2021,4,6.02,10.55,44.3,67.6
BE35,Namur,2021,5,10.68,14.57,83.4,85.8
BE35,Namur,2021,6,17.92,22.01,142.3,110.2
BE35,Namur,2021,7,17.11,20.7,165.5,96.0
BE35,Namur,2021,8,16.11,19.59,124.7,79.3
BE35,Namur,2021,9,15.88,19.92,32.5,68.7
BE35,Namur,2021,10,10.82,14.45,90.1,38.8
BE35,Namur,2021,11,5.09,7.63,36.2,13.4
BE35,Namur,2021,12,4.69,6.57,72.8,9.2
BE35,Namur,2022,1,3.06,5.72,72.9,12.1
BE35,Namur,2022,2,5.44,8.63,81.5,28.4
BE35,Namur,2022,3,7.18,12.45,17.3,64.0
BE35,Namur,2022,4,8.82,13.05,32.2,74.9
BE35,Namur,2022,5,14.45,19.58,55.3,110.3
BE35,Namur,2022,6,17.04,21.75,80.7,116.9
BE35,Namur,2022,7,18.83,23.97,9.2,138.7
BE35,Namur,2022,8,20.5,25.58,32.6,130.2
BE35,Namur,2022,9,14.43,18.58,71.4,69.0
BE35,Namur,2022,10,13.67,17.48,59.7,47.6
BE35,Namur,2022,11,8.45,10.84,74.4,22.7
BE35,Namur,2022,12,3.3,5.51,90.9,13.2
BE35,Namur,2023,1,4.13,6.25,102.6,15.3
BE35,Namur,2023,2,4.62,7.85,15.3,23.1
BE35,Namur,2023,3,6.45,9.76,148.3,41.0
BE35,Namur,2023,4,7.77,11.76,89.6,58.5
BE35,Namur,2023,5,12.68,17.26,47.1,98.1
BE35,Namur,2023,6,19.33,24.16,54.6,148.0
BE35,Namur,2023,7,17.98,21.89,121.9,118.8
BE35,Namur,2023,8,17.52,21.39,112.3,91.1
BE35,Namur,2023,9,18.11,22.55,69.4,83.2
BE35,Namur,2023,10,13.08,16.41,100.1,46.8
BE35,Namur,2023,11,7.01,9.28,121.8,19.1
BE35,Namur,2023,12,5.78,7.56,90.5,15.2
BE35,Namur,2024,1,2.36,4.92,73.9,18.6
BE35,Namur,2024,2,7.28,9.63,113.7,21.5
BE35,Namur,2024,3,8.38,11.99,87.2,47.2
BE35,Namur,2024,4,9.94,13.65,80.1,66.9
BE35,Namur,2024,5,13.92,17.83,159.0,84.4
BE35,Namur,2024,6,15.11,19.09,73.2,96.7
BE35,Namur,2024,7,17.87,21.98,88.6,107.4
BE35,Namur,2024,8,19.28,23.76,79.2,106.9
BE35,Namur,2024,9,14.98,18.84,113.8,63.2
BE35,Namur,2024,10,12.18,15.42,96.4,36.6
BE35,Namur,2024,11,6.79,9.63,51.7,19.9
BE35,Namur,2024,12,4.21,6.55,81.0,10.9
