crop_code,crop_label,geo,climate_var,climate_label,n,trend_t_ha_per_year,spearman_r,spearman_p,pearson_r,pearson_p
C1110,Froment et épeautre,BE3,temp_mean_growing_c_z,température saison,24,-0.0069,0.221,0.2997,0.12,0.5759
C1110,Froment et épeautre,BE3,precip_growing_mm_z,précipitations saison,24,-0.0069,-0.683,0.0002,-0.676,0.0003
C1110,Froment et épeautre,BE3,et0_growing_mm_z,ET0 saison,24,-0.0069,0.463,0.0225,0.426,0.0378
C1300,Orge,BE3,temp_mean_growing_c_z,température saison,25,0.0054,-0.286,0.1655,-0.28,0.1752
C1300,Orge,BE3,precip_growing_mm_z,précipitations saison,25,0.0054,-0.23,0.2687,-0.351,0.0854
C1300,Orge,BE3,et0_growing_mm_z,ET0 saison,25,0.0054,-0.031,0.8839,-0.033,0.8756
C1310,Orge d'hiver,BE3,temp_mean_growing_c_z,température saison,14,-0.0728,-0.147,0.6154,-0.189,0.5186
C1310,Orge d'hiver,BE3,precip_growing_mm_z,précipitations saison,14,-0.0728,-0.279,0.3338,-0.304,0.2911
C1310,Orge d'hiver,BE3,et0_growing_mm_z,ET0 saison,14,-0.0728,0.244,0.4006,0.23,0.4299
C1500,Maïs grain,BE3,temp_mean_growing_c_z,température saison,14,-0.0934,-0.327,0.2531,-0.335,0.2422
C1500,Maïs grain,BE3,precip_growing_mm_z,précipitations saison,14,-0.0934,0.446,0.1098,0.402,0.1541
C1500,Maïs grain,BE3,et0_growing_mm_z,ET0 saison,14,-0.0934,-0.297,0.303,-0.324,0.2579
G3000,Maïs fourrager,BE3,temp_mean_growing_c_z,température saison,23,-0.0485,0.162,0.4601,0.041,0.8539
G3000,Maïs fourrager,BE3,precip_growing_mm_z,précipitations saison,23,-0.0485,-0.198,0.366,-0.204,0.3506
G3000,Maïs fourrager,BE3,et0_growing_mm_z,ET0 saison,23,-0.0485,0.133,0.544,0.08,0.7167
I1110,Colza,BE3,temp_mean_growing_c_z,température saison,25,0.0036,0.032,0.8781,0.098,0.6414
I1110,Colza,BE3,precip_growing_mm_z,précipitations saison,25,0.0036,-0.368,0.0705,-0.51,0.0092
I1110,Colza,BE3,et0_growing_mm_z,ET0 saison,25,0.0036,0.227,0.2753,0.187,0.3697
R1000,Pomme de terre,BE3,temp_mean_growing_c_z,température saison,25,-0.1776,-0.459,0.0209,-0.398,0.0486
R1000,Pomme de terre,BE3,precip_growing_mm_z,précipitations saison,25,-0.1776,0.278,0.179,0.231,0.2667
R1000,Pomme de terre,BE3,et0_growing_mm_z,ET0 saison,25,-0.1776,-0.44,0.0277,-0.332,0.1053
R2000,Betterave sucrière,BE3,temp_mean_growing_c_z,température saison,25,0.9483,-0.042,0.8409,-0.051,0.8079
R2000,Betterave sucrière,BE3,precip_growing_mm_z,précipitations saison,25,0.9483,-0.39,0.0539,-0.289,0.1612
R2000,Betterave sucrière,BE3,et0_growing_mm_z,ET0 saison,25,0.9483,0.045,0.8323,0.058,0.7816
