year,yield_resid_t_ha,pred_loo,error_loo
2000,-0.547,-0.878,0.331
2001,-0.296,0.013,-0.309
2002,-0.145,0.227,-0.372
2003,0.077,0.239,-0.162
2004,0.406,0.293,0.113
2005,-0.098,0.159,-0.257
2006,-0.279,-0.646,0.367
2007,-0.568,-0.543,-0.025
2008,0.152,0.024,0.128
2009,0.883,0.12,0.763
2011,-0.005,0.117,-0.122
2012,-0.029,0.011,-0.04
2013,0.664,0.504,0.16
2014,0.653,-0.639,1.292
2015,0.787,0.623,0.164
2016,-1.791,-0.282,-1.509
2017,0.126,0.18,-0.054
2018,0.16,0.567,-0.407
2019,0.887,0.698,0.189
2020,0.595,0.798,-0.203
2021,-0.652,-0.086,-0.566
2022,0.647,0.786,-0.139
2023,0.095,-0.782,0.877
2024,-1.721,-1.145,-0.576
