year,geo,geo_label,crop_code,crop_label,area_kha,production_kt,yield_t_ha,imputed
2000,BE3,Wallonie,C1110,Froment et épeautre,139.0,1091.93,7.856,False
2001,BE3,Wallonie,C1110,Froment et épeautre,128.4,1039.99,8.1,False
2002,BE3,Wallonie,C1110,Froment et épeautre,134.8,1111.31,8.244,False
2003,BE3,Wallonie,C1110,Froment et épeautre,135.3,1144.45,8.459,False
2004,BE3,Wallonie,C1110,Froment et épeautre,141.1,1239.07,8.782,False
2005,BE3,Wallonie,C1110,Froment et épeautre,140.4,1161.2,8.271,False
2006,BE3,Wallonie,C1110,Froment et épeautre,138.0,1115.48,8.083,False
2007,BE3,Wallonie,C1110,Froment et épeautre,137.1,1067.61,7.787,False
2008,BE3,Wallonie,C1110,Froment et épeautre,149.1,1267.37,8.5,False
2009,BE3,Wallonie,C1110,Froment et épeautre,140.2,1293.19,9.224,False
2010,BE3,Wallonie,C1110,Froment et épeautre,144.4,,,False
2011,BE3,Wallonie,C1110,Froment et épeautre,140.0,1165.2,8.323,True
2012,BE3,Wallonie,C1110,Froment et épeautre,142.9,1184.97,8.292,False
2013,BE3,Wallonie,C1110,Froment et épeautre,142.5,1279.37,8.978,False
2014,BE3,Wallonie,C1110,Froment et épeautre,144.95,1298.77,8.96,False
2015,BE3,Wallonie,C1110,Froment et épeautre,150.22,1365.08,9.087,False
2016,BE3,Wallonie,C1110,Froment et épeautre,144.36,938.61,6.502,False
2017,BE3,Wallonie,C1110,Froment et épeautre,133.61,1123.89,8.412,False
2018,BE3,Wallonie,C1110,Froment et épeautre,133.61,1127.59,8.439,False
2019,BE3,Wallonie,C1110,Froment et épeautre,138.13,1265.23,9.16,False
2020,BE3,Wallonie,C1110,Froment et épeautre,133.71,1184.81,8.861,False
2021,BE3,Wallonie,C1110,Froment et épeautre,142.91,1087.16,7.607,False
2022,BE3,Wallonie,C1110,Froment et épeautre,139.99,1245.79,8.899,False
2023,BE3,Wallonie,C1110,Froment et épeautre,140.68,1173.32,8.34,False
2024,BE3,Wallonie,C1110,Froment et épeautre,121.13,789.42,6.517,False
2000,BE31,Brabant wallon,C1110,Froment et épeautre,21.7,178.74,8.237,False
2001,BE31,Brabant wallon,C1110,Froment et épeautre,20.3,178.84,8.81,False
2002,BE31,Brabant wallon,C1110,Froment et épeautre,21.1,181.07,8.582,False
2003,BE31,Brabant wallon,C1110,Froment et épeautre,20.8,179.88,8.648,False
2004,BE31,Brabant wallon,C1110,Froment et épeautre,22.0,187.55,8.525,False
2005,BE31,Brabant wallon,C1110,Froment et épeautre,21.4,179.91,8.407,False
2006,BE31,Brabant wallon,C1110,Froment et épeautre,21.2,184.64,8.709,False
2007,BE31,Brabant wallon,C1110,Froment et épeautre,20.8,173.17,8.325,False
2008,BE31,Brabant wallon,C1110,Froment et épeautre,22.4,193.27,8.628,False
2009,BE31,Brabant wallon,C1110,Froment et épeautre,20.9,197.97,9.472,False
2010,BE31,Brabant wallon,C1110,Froment et épeautre,21.8,,,False
2011,BE31,Brabant wallon,C1110,Froment et épeautre,21.0,163.05,7.764,False
2012,BE31,Brabant wallon,C1110,Froment et épeautre,22.1,184.01,8.326,False
2013,BE31,Brabant wallon,C1110,Froment et épeautre,21.3,197.16,9.256,False
2014,BE31,Brabant wallon,C1110,Froment et épeautre,21.52,199.62,9.276,False
2015,BE31,Brabant wallon,C1110,Froment et épeautre,22.21,207.89,9.36,False
2016,BE31,Brabant wallon,C1110,Froment et épeautre,21.61,147.82,6.84,False
2017,BE31,Brabant wallon,C1110,Froment et épeautre,19.3,173.04,8.966,False
2018,BE31,Brabant wallon,C1110,Froment et épeautre,19.75,170.63,8.639,False
2019,BE31,Brabant wallon,C1110,Froment et épeautre,20.03,187.68,9.37,False
2020,BE31,Brabant wallon,C1110,Froment et épeautre,19.86,185.43,9.337,False
2021,BE31,Brabant wallon,C1110,Froment et épeautre,20.95,171.53,8.188,False
2022,BE31,Brabant wallon,C1110,Froment et épeautre,20.22,195.54,9.671,False
2023,BE31,Brabant wallon,C1110,Froment et épeautre,20.97,180.81,8.622,False
2024,BE31,Brabant wallon,C1110,Froment et épeautre,17.81,121.3,6.811,False
2000,BE32,Hainaut,C1110,Froment et épeautre,53.3,420.05,7.881,False
2001,BE32,Hainaut,C1110,Froment et épeautre,47.2,367.62,7.789,False
2002,BE32,Hainaut,C1110,Froment et épeautre,52.1,423.22,8.123,False
2003,BE32,Hainaut,C1110,Froment et épeautre,51.3,440.97,8.596,False
2004,BE32,Hainaut,C1110,Froment et épeautre,54.4,490.66,9.019,False
2005,BE32,Hainaut,C1110,Froment et épeautre,54.1,456.81,8.444,False
2006,BE32,Hainaut,C1110,Froment et épeautre,53.9,434.31,8.058,False
2007,BE32,Hainaut,C1110,Froment et épeautre,54.0,410.46,7.601,False
2008,BE32,Hainaut,C1110,Froment et épeautre,57.5,491.94,8.555,False
2009,BE32,Hainaut,C1110,Froment et épeautre,54.5,514.7,9.444,False
2010,BE32,Hainaut,C1110,Froment et épeautre,56.7,,,False
2011,BE32,Hainaut,C1110,Froment et épeautre,54.0,469.26,8.69,False
2012,BE32,Hainaut,C1110,Froment et épeautre,56.6,487.97,8.621,False
2013,BE32,Hainaut,C1110,Froment et épeautre,55.0,497.25,9.041,False
2014,BE32,Hainaut,C1110,Froment et épeautre,56.08,499.57,8.908,False
2015,BE32,Hainaut,C1110,Froment et épeautre,58.16,546.36,9.394,False
2016,BE32,Hainaut,C1110,Froment et épeautre,57.25,372.05,6.499,False
2017,BE32,Hainaut,C1110,Froment et épeautre,53.28,466.15,8.749,False
2018,BE32,Hainaut,C1110,Froment et épeautre,52.63,455.22,8.649,False
2019,BE32,Hainaut,C1110,Froment et épeautre,54.54,516.91,9.478,False
2020,BE32,Hainaut,C1110,Froment et épeautre,52.3,471.29,9.011,False
2021,BE32,Hainaut,C1110,Froment et épeautre,55.51,430.53,7.756,False
2022,BE32,Hainaut,C1110,Froment et épeautre,54.42,486.72,8.944,False
2023,BE32,Hainaut,C1110,Froment et épeautre,55.68,472.32,8.483,False
2024,BE32,Hainaut,C1110,Froment et épeautre,45.31,310.38,6.85,False
2000,BE33,Liège,C1110,Froment et épeautre,23.9,199.4,8.343,False
2001,BE33,Liège,C1110,Froment et épeautre,23.5,213.7,9.094,False
2002,BE33,Liège,C1110,Froment et épeautre,23.5,208.17,8.858,False
2003,BE33,Liège,C1110,Froment et épeautre,24.0,217.49,9.062,False
2004,BE33,Liège,C1110,Froment et épeautre,24.6,231.13,9.396,False
2005,BE33,Liège,C1110,Froment et épeautre,25.1,219.44,8.743,False
2006,BE33,Liège,C1110,Froment et épeautre,24.7,212.14,8.589,False
2007,BE33,Liège,C1110,Froment et épeautre,24.8,208.2,8.395,False
2008,BE33,Liège,C1110,Froment et épeautre,27.5,247.3,8.993,False
2009,BE33,Liège,C1110,Froment et épeautre,25.6,243.72,9.52,False
2010,BE33,Liège,C1110,Froment et épeautre,25.8,,,False
2011,BE33,Liège,C1110,Froment et épeautre,26.0,229.66,8.833,False
2012,BE33,Liège,C1110,Froment et épeautre,25.8,221.74,8.595,False
2013,BE33,Liège,C1110,Froment et épeautre,26.1,252.49,9.674,False
2014,BE33,Liège,C1110,Froment et épeautre,26.09,250.01,9.583,False
2015,BE33,Liège,C1110,Froment et épeautre,26.72,251.09,9.397,False
2016,BE33,Liège,C1110,Froment et épeautre,25.41,172.02,6.77,False
2017,BE33,Liège,C1110,Froment et épeautre,23.82,212.43,8.918,False
2018,BE33,Liège,C1110,Froment et épeautre,23.03,202.7,8.802,False
2019,BE33,Liège,C1110,Froment et épeautre,23.9,227.36,9.513,False
2020,BE33,Liège,C1110,Froment et épeautre,23.14,221.89,9.589,False
2021,BE33,Liège,C1110,Froment et épeautre,25.2,202.46,8.034,False
2022,BE33,Liège,C1110,Froment et épeautre,24.51,235.66,9.615,False
2023,BE33,Liège,C1110,Froment et épeautre,25.03,223.38,8.924,False
2024,BE33,Liège,C1110,Froment et épeautre,22.0,142.09,6.459,False
2000,BE34,Luxembourg,C1110,Froment et épeautre,5.7,31.48,5.523,False
2001,BE34,Luxembourg,C1110,Froment et épeautre,5.0,28.6,5.72,False
2002,BE34,Luxembourg,C1110,Froment et épeautre,5.4,31.29,5.794,False
2003,BE34,Luxembourg,C1110,Froment et épeautre,4.9,29.1,5.939,False
2004,BE34,Luxembourg,C1110,Froment et épeautre,5.4,30.76,5.696,False
2005,BE34,Luxembourg,C1110,Froment et épeautre,5.2,29.72,5.715,False
2006,BE34,Luxembourg,C1110,Froment et épeautre,5.2,30.1,5.788,False
2007,BE34,Luxembourg,C1110,Froment et épeautre,5.0,27.01,5.402,False
2008,BE34,Luxembourg,C1110,Froment et épeautre,6.2,39.64,6.394,False
2009,BE34,Luxembourg,C1110,Froment et épeautre,5.6,36.26,6.475,False
2010,BE34,Luxembourg,C1110,Froment et épeautre,5.2,,,False
2011,BE34,Luxembourg,C1110,Froment et épeautre,5.0,29.83,5.966,False
2012,BE34,Luxembourg,C1110,Froment et épeautre,4.9,29.69,6.059,False
2013,BE34,Luxembourg,C1110,Froment et épeautre,6.0,39.99,6.665,False
2014,BE34,Luxembourg,C1110,Froment et épeautre,6.23,41.95,6.734,False
2015,BE34,Luxembourg,C1110,Froment et épeautre,7.33,46.26,6.311,False
2016,BE34,Luxembourg,C1110,Froment et épeautre,6.46,29.72,4.601,False
2017,BE34,Luxembourg,C1110,Froment et épeautre,5.67,33.08,5.834,False
2018,BE34,Luxembourg,C1110,Froment et épeautre,5.62,33.7,5.996,False
2019,BE34,Luxembourg,C1110,Froment et épeautre,5.77,37.97,6.581,False
2020,BE34,Luxembourg,C1110,Froment et épeautre,5.87,36.57,6.23,False
2021,BE34,Luxembourg,C1110,Froment et épeautre,6.23,32.44,5.207,False
2022,BE34,Luxembourg,C1110,Froment et épeautre,6.25,38.75,6.2,False
2023,BE34,Luxembourg,C1110,Froment et épeautre,6.1,34.58,5.669,False
2024,BE34,Luxembourg,C1110,Froment et épeautre,5.71,27.09,4.744,False
2000,BE35,Namur,C1110,Froment et épeautre,34.5,262.26,7.602,False
2001,BE35,Namur,C1110,Froment et épeautre,32.3,251.23,7.778,False
2002,BE35,Namur,C1110,Froment et épeautre,32.7,267.56,8.182,False
2003,BE35,Namur,C1110,Froment et épeautre,34.3,277.01,8.076,False
2004,BE35,Namur,C1110,Froment et épeautre,34.8,298.97,8.591,False
2005,BE35,Namur,C1110,Froment et épeautre,34.6,275.31,7.957,False
2006,BE35,Namur,C1110,Froment et épeautre,33.0,254.18,7.702,False
2007,BE35,Namur,C1110,Froment et épeautre,32.6,248.77,7.631,False
2008,BE35,Namur,C1110,Froment et épeautre,35.6,295.22,8.293,False
2009,BE35,Namur,C1110,Froment et épeautre,33.6,300.55,8.945,False
2010,BE35,Namur,C1110,Froment et épeautre,34.9,,,False
2011,BE35,Namur,C1110,Froment et épeautre,34.0,273.4,8.041,False
2012,BE35,Namur,C1110,Froment et épeautre,33.5,261.56,7.808,False
2013,BE35,Namur,C1110,Froment et épeautre,34.2,292.48,8.552,False
2014,BE35,Namur,C1110,Froment et épeautre,35.01,307.62,8.787,False
2015,BE35,Namur,C1110,Froment et épeautre,35.8,313.47,8.756,False
2016,BE35,Namur,C1110,Froment et épeautre,33.63,217.0,6.453,False
2017,BE35,Namur,C1110,Froment et épeautre,31.54,239.18,7.583,False
2018,BE35,Namur,C1110,Froment et épeautre,32.57,265.34,8.147,False
2019,BE35,Namur,C1110,Froment et épeautre,33.89,295.31,8.714,False
2020,BE35,Namur,C1110,Froment et épeautre,32.55,269.63,8.284,False
2021,BE35,Namur,C1110,Froment et épeautre,35.02,250.21,7.145,False
2022,BE35,Namur,C1110,Froment et épeautre,34.58,289.12,8.361,False
2023,BE35,Namur,C1110,Froment et épeautre,32.9,262.25,7.971,False
2024,BE35,Namur,C1110,Froment et épeautre,30.3,188.55,6.223,False
2000,BE3,Wallonie,C1300,Orge,36.0,248.36,6.899,False
2001,BE3,Wallonie,C1300,Orge,36.3,266.33,7.337,False
2002,BE3,Wallonie,C1300,Orge,33.4,256.4,7.677,False
2003,BE3,Wallonie,C1300,Orge,28.4,185.53,6.533,False
2004,BE3,Wallonie,C1300,Orge,27.2,215.19,7.911,False
2005,BE3,Wallonie,C1300,Orge,28.9,219.83,7.607,False
2006,BE3,Wallonie,C1300,Orge,35.8,271.93,7.596,False
2007,BE3,Wallonie,C1300,Orge,35.2,274.84,7.808,False
2008,BE3,Wallonie,C1300,Orge,41.1,322.63,7.85,False
2009,BE3,Wallonie,C1300,Orge,40.4,340.3,8.423,False
2010,BE3,Wallonie,C1300,Orge,32.7,270.85,8.283,False
2011,BE3,Wallonie,C1300,Orge,31.0,244.72,7.894,False
2012,BE3,Wallonie,C1300,Orge,32.4,260.6,8.043,False
2013,BE3,Wallonie,C1300,Orge,33.2,278.62,8.392,False
2014,BE3,Wallonie,C1300,Orge,33.63,287.82,8.558,False
2015,BE3,Wallonie,C1300,Orge,32.94,292.83,8.89,False
2016,BE3,Wallonie,C1300,Orge,37.51,227.66,6.069,False
2017,BE3,Wallonie,C1300,Orge,29.77,248.55,8.349,False
2018,BE3,Wallonie,C1300,Orge,27.14,205.94,7.588,False
2019,BE3,Wallonie,C1300,Orge,30.35,256.91,8.465,False
2020,BE3,Wallonie,C1300,Orge,27.94,205.42,7.352,False
2021,BE3,Wallonie,C1300,Orge,23.96,184.41,7.697,False
2022,BE3,Wallonie,C1300,Orge,30.37,236.5,7.787,False
2023,BE3,Wallonie,C1300,Orge,30.55,235.16,7.698,False
2024,BE3,Wallonie,C1300,Orge,30.15,187.64,6.224,False
2000,BE31,Brabant wallon,C1300,Orge,4.7,35.55,7.564,False
2001,BE31,Brabant wallon,C1300,Orge,4.4,34.76,7.9,False
2002,BE31,Brabant wallon,C1300,Orge,3.9,30.36,7.785,False
2003,BE31,Brabant wallon,C1300,Orge,3.5,23.55,6.729,False
2004,BE31,Brabant wallon,C1300,Orge,3.0,23.69,7.897,False
2005,BE31,Brabant wallon,C1300,Orge,3.3,25.51,7.73,False
2006,BE31,Brabant wallon,C1300,Orge,4.6,37.13,8.072,False
2007,BE31,Brabant wallon,C1300,Orge,5.1,41.16,8.071,False
2008,BE31,Brabant wallon,C1300,Orge,6.0,49.15,8.192,False
2009,BE31,Brabant wallon,C1300,Orge,5.4,46.65,8.639,False
2010,BE31,Brabant wallon,C1300,Orge,4.1,35.68,8.702,False
2011,BE31,Brabant wallon,C1300,Orge,4.0,29.97,7.492,False
2012,BE31,Brabant wallon,C1300,Orge,4.5,36.1,8.022,False
2013,BE31,Brabant wallon,C1300,Orge,4.6,42.03,9.137,False
2014,BE31,Brabant wallon,C1300,Orge,4.45,38.63,8.681,False
2015,BE31,Brabant wallon,C1300,Orge,4.14,39.89,9.635,False
2016,BE31,Brabant wallon,C1300,Orge,4.63,30.34,6.553,False
2017,BE31,Brabant wallon,C1300,Orge,3.5,30.14,8.611,False
2018,BE31,Brabant wallon,C1300,Orge,3.09,24.53,7.939,False
2019,BE31,Brabant wallon,C1300,Orge,3.45,31.6,9.159,False
2020,BE31,Brabant wallon,C1300,Orge,2.99,24.69,8.258,False
2021,BE31,Brabant wallon,C1300,Orge,2.94,25.53,8.684,False
2022,BE31,Brabant wallon,C1300,Orge,3.52,31.66,8.994,False
2023,BE31,Brabant wallon,C1300,Orge,3.54,28.5,8.051,False
2024,BE31,Brabant wallon,C1300,Orge,3.54,24.34,6.876,False
2000,BE32,Hainaut,C1300,Orge,8.7,59.78,6.871,False
2001,BE32,Hainaut,C1300,Orge,9.3,62.86,6.759,False
2002,BE32,Hainaut,C1300,Orge,7.8,59.32,7.605,False
2003,BE32,Hainaut,C1300,Orge,7.8,53.22,6.823,False
2004,BE32,Hainaut,C1300,Orge,6.9,54.84,7.948,False
2005,BE32,Hainaut,C1300,Orge,7.4,57.7,7.797,False
2006,BE32,Hainaut,C1300,Orge,9.7,74.96,7.728,False
2007,BE32,Hainaut,C1300,Orge,9.9,78.13,7.892,False
2008,BE32,Hainaut,C1300,Orge,11.8,94.83,8.036,False
2009,BE32,Hainaut,C1300,Orge,11.9,104.18,8.755,False
2010,BE32,Hainaut,C1300,Orge,10.0,86.1,8.61,False
2011,BE32,Hainaut,C1300,Orge,9.0,76.91,8.546,False
2012,BE32,Hainaut,C1300,Orge,9.6,82.3,8.573,False
2013,BE32,Hainaut,C1300,Orge,9.7,85.68,8.833,False
2014,BE32,Hainaut,C1300,Orge,9.64,86.49,8.972,False
2015,BE32,Hainaut,C1300,Orge,9.7,92.11,9.496,False
2016,BE32,Hainaut,C1300,Orge,11.36,73.09,6.434,False
2017,BE32,Hainaut,C1300,Orge,9.41,81.01,8.609,False
2018,BE32,Hainaut,C1300,Orge,8.44,67.27,7.97,False
2019,BE32,Hainaut,C1300,Orge,9.47,85.7,9.05,False
2020,BE32,Hainaut,C1300,Orge,8.52,66.32,7.784,False
2021,BE32,Hainaut,C1300,Orge,7.76,64.11,8.262,False
2022,BE32,Hainaut,C1300,Orge,9.32,77.28,8.292,False
2023,BE32,Hainaut,C1300,Orge,9.79,82.1,8.386,False
2024,BE32,Hainaut,C1300,Orge,9.47,63.36,6.691,False
2000,BE33,Liège,C1300,Orge,7.7,55.51,7.209,False
2001,BE33,Liège,C1300,Orge,7.0,59.08,8.44,False
2002,BE33,Liège,C1300,Orge,7.1,58.03,8.173,False
2003,BE33,Liège,C1300,Orge,5.4,37.99,7.035,False
2004,BE33,Liège,C1300,Orge,5.0,43.2,8.64,False
2005,BE33,Liège,C1300,Orge,5.3,42.45,8.009,False
2006,BE33,Liège,C1300,Orge,6.9,56.75,8.225,False
2007,BE33,Liège,C1300,Orge,6.6,53.71,8.138,False
2008,BE33,Liège,C1300,Orge,7.8,64.05,8.212,False
2009,BE33,Liège,C1300,Orge,7.6,66.22,8.713,False
2010,BE33,Liège,C1300,Orge,5.8,50.62,8.728,False
2011,BE33,Liège,C1300,Orge,5.0,43.95,8.79,False
2012,BE33,Liège,C1300,Orge,5.4,45.3,8.389,False
2013,BE33,Liège,C1300,Orge,5.6,49.12,8.771,False
2014,BE33,Liège,C1300,Orge,5.18,46.29,8.936,False
2015,BE33,Liège,C1300,Orge,4.69,43.59,9.294,False
2016,BE33,Liège,C1300,Orge,5.48,35.19,6.422,False
2017,BE33,Liège,C1300,Orge,4.27,36.07,8.447,False
2018,BE33,Liège,C1300,Orge,3.48,25.49,7.325,False
2019,BE33,Liège,C1300,Orge,3.78,32.07,8.484,False
2020,BE33,Liège,C1300,Orge,3.16,24.33,7.699,False
2021,BE33,Liège,C1300,Orge,2.7,20.39,7.552,False
2022,BE33,Liège,C1300,Orge,4.05,32.8,8.099,False
2023,BE33,Liège,C1300,Orge,4.07,32.12,7.892,False
2024,BE33,Liège,C1300,Orge,3.64,22.67,6.228,False
2000,BE34,Luxembourg,C1300,Orge,2.7,13.31,4.93,False
2001,BE34,Luxembourg,C1300,Orge,2.9,14.9,5.138,False
2002,BE34,Luxembourg,C1300,Orge,2.5,13.74,5.496,False
2003,BE34,Luxembourg,C1300,Orge,2.8,14.63,5.225,False
2004,BE34,Luxembourg,C1300,Orge,2.4,12.34,5.142,False
2005,BE34,Luxembourg,C1300,Orge,2.4,12.56,5.233,False
2006,BE34,Luxembourg,C1300,Orge,2.4,12.54,5.225,False
2007,BE34,Luxembourg,C1300,Orge,1.9,10.96,5.768,False
2008,BE34,Luxembourg,C1300,Orge,2.4,13.8,5.75,False
2009,BE34,Luxembourg,C1300,Orge,2.5,14.88,5.952,False
2010,BE34,Luxembourg,C1300,Orge,2.1,11.46,5.457,False
2011,BE34,Luxembourg,C1300,Orge,2.0,8.99,4.495,False
2012,BE34,Luxembourg,C1300,Orge,1.7,9.9,5.824,False
2013,BE34,Luxembourg,C1300,Orge,2.3,14.48,6.296,False
2014,BE34,Luxembourg,C1300,Orge,2.65,16.49,6.223,False
2015,BE34,Luxembourg,C1300,Orge,3.01,19.13,6.355,False
2016,BE34,Luxembourg,C1300,Orge,3.29,15.53,4.72,False
2017,BE34,Luxembourg,C1300,Orge,2.58,14.9,5.775,False
2018,BE34,Luxembourg,C1300,Orge,2.56,14.94,5.836,False
2019,BE34,Luxembourg,C1300,Orge,2.73,16.82,6.161,False
2020,BE34,Luxembourg,C1300,Orge,2.62,14.07,5.37,False
2021,BE34,Luxembourg,C1300,Orge,2.12,11.03,5.203,False
2022,BE34,Luxembourg,C1300,Orge,2.92,16.9,5.788,False
2023,BE34,Luxembourg,C1300,Orge,2.66,13.32,5.008,False
2024,BE34,Luxembourg,C1300,Orge,2.97,14.65,4.933,False
2000,BE35,Namur,C1300,Orge,12.3,84.31,6.854,False
2001,BE35,Namur,C1300,Orge,12.8,94.73,7.401,False
2002,BE35,Namur,C1300,Orge,12.1,95.06,7.856,False
2003,BE35,Namur,C1300,Orge,8.9,56.13,6.307,False
2004,BE35,Namur,C1300,Orge,9.9,81.12,8.194,False
2005,BE35,Namur,C1300,Orge,10.6,81.61,7.699,False
2006,BE35,Namur,C1300,Orge,12.2,90.64,7.43,False
2007,BE35,Namur,C1300,Orge,11.7,90.88,7.768,False
2008,BE35,Namur,C1300,Orge,13.1,100.69,7.686,False
2009,BE35,Namur,C1300,Orge,13.0,108.37,8.336,False
2010,BE35,Namur,C1300,Orge,10.6,87.0,8.208,False
2011,BE35,Namur,C1300,Orge,11.0,84.9,7.718,False
2012,BE35,Namur,C1300,Orge,11.2,86.9,7.759,False
2013,BE35,Namur,C1300,Orge,11.0,87.3,7.936,False
2014,BE35,Namur,C1300,Orge,11.71,99.92,8.533,False
2015,BE35,Namur,C1300,Orge,11.39,98.1,8.613,False
2016,BE35,Namur,C1300,Orge,12.76,73.51,5.761,False
2017,BE35,Namur,C1300,Orge,10.01,86.42,8.633,False
2018,BE35,Namur,C1300,Orge,9.58,73.71,7.694,False
2019,BE35,Namur,C1300,Orge,10.93,90.72,8.3,False
2020,BE35,Namur,C1300,Orge,10.66,76.02,7.131,False
2021,BE35,Namur,C1300,Orge,8.43,63.34,7.514,False
2022,BE35,Namur,C1300,Orge,10.56,77.87,7.374,False
2023,BE35,Namur,C1300,Orge,10.5,79.12,7.535,False
2024,BE35,Namur,C1300,Orge,10.53,62.62,5.947,False
2011,BE3,Wallonie,C1310,Orge d'hiver,29.0,234.73,8.094,False
2012,BE3,Wallonie,C1310,Orge d'hiver,30.5,249.9,8.193,False
2013,BE3,Wallonie,C1310,Orge d'hiver,30.8,263.73,8.563,False
2014,BE3,Wallonie,C1310,Orge d'hiver,31.28,273.66,8.749,False
2015,BE3,Wallonie,C1310,Orge d'hiver,30.21,277.97,9.201,False
2016,BE3,Wallonie,C1310,Orge d'hiver,35.5,218.48,6.154,False
2017,BE3,Wallonie,C1310,Orge d'hiver,28.0,239.92,8.569,False
2018,BE3,Wallonie,C1310,Orge d'hiver,24.86,192.95,7.761,False
2019,BE3,Wallonie,C1310,Orge d'hiver,28.05,244.04,8.7,False
2020,BE3,Wallonie,C1310,Orge d'hiver,25.18,192.65,7.651,False
2021,BE3,Wallonie,C1310,Orge d'hiver,21.79,174.03,7.987,False
2022,BE3,Wallonie,C1310,Orge d'hiver,26.34,215.17,8.169,False
2023,BE3,Wallonie,C1310,Orge d'hiver,27.83,224.37,8.062,False
2024,BE3,Wallonie,C1310,Orge d'hiver,27.26,174.72,6.409,False
2011,BE31,Brabant wallon,C1310,Orge d'hiver,4.0,29.97,7.492,False
2012,BE31,Brabant wallon,C1310,Orge d'hiver,4.4,35.4,8.045,False
2013,BE31,Brabant wallon,C1310,Orge d'hiver,4.5,41.22,9.16,False
2014,BE31,Brabant wallon,C1310,Orge d'hiver,4.34,37.94,8.742,False
2015,BE31,Brabant wallon,C1310,Orge d'hiver,4.03,39.1,9.702,False
2016,BE31,Brabant wallon,C1310,Orge d'hiver,4.56,29.97,6.572,False
2017,BE31,Brabant wallon,C1310,Orge d'hiver,3.45,29.87,8.658,False
2018,BE31,Brabant wallon,C1310,Orge d'hiver,2.98,23.82,7.993,False
2019,BE31,Brabant wallon,C1310,Orge d'hiver,3.26,30.36,9.313,False
2020,BE31,Brabant wallon,C1310,Orge d'hiver,2.75,23.54,8.56,False
2021,BE31,Brabant wallon,C1310,Orge d'hiver,2.7,24.03,8.9,False
2022,BE31,Brabant wallon,C1310,Orge d'hiver,3.17,29.18,9.205,False
2023,BE31,Brabant wallon,C1310,Orge d'hiver,3.28,27.46,8.372,False
2024,BE31,Brabant wallon,C1310,Orge d'hiver,3.16,22.33,7.066,False
2011,BE32,Hainaut,C1310,Orge d'hiver,9.0,73.91,8.212,False
2012,BE32,Hainaut,C1310,Orge d'hiver,9.2,79.9,8.685,False
2013,BE32,Hainaut,C1310,Orge d'hiver,9.2,82.75,8.995,False
2014,BE32,Hainaut,C1310,Orge d'hiver,9.27,83.76,9.036,False
2015,BE32,Hainaut,C1310,Orge d'hiver,9.39,89.83,9.567,False
2016,BE32,Hainaut,C1310,Orge d'hiver,11.11,71.82,6.464,False
2017,BE32,Hainaut,C1310,Orge d'hiver,9.15,79.63,8.703,False
2018,BE32,Hainaut,C1310,Orge d'hiver,7.97,64.09,8.041,False
2019,BE32,Hainaut,C1310,Orge d'hiver,9.14,83.36,9.12,False
2020,BE32,Hainaut,C1310,Orge d'hiver,8.14,64.84,7.966,False
2021,BE32,Hainaut,C1310,Orge d'hiver,7.47,62.52,8.369,False
2022,BE32,Hainaut,C1310,Orge d'hiver,8.93,75.13,8.413,False
2023,BE32,Hainaut,C1310,Orge d'hiver,9.56,80.8,8.452,False
2024,BE32,Hainaut,C1310,Orge d'hiver,9.03,61.23,6.781,False
2011,BE33,Liège,C1310,Orge d'hiver,5.0,41.95,8.39,False
2012,BE33,Liège,C1310,Orge d'hiver,5.1,43.9,8.608,False
2013,BE33,Liège,C1310,Orge d'hiver,5.3,47.2,8.906,False
2014,BE33,Liège,C1310,Orge d'hiver,4.98,44.94,9.024,False
2015,BE33,Liège,C1310,Orge d'hiver,4.44,42.21,9.507,False
2016,BE33,Liège,C1310,Orge d'hiver,5.24,33.98,6.485,False
2017,BE33,Liège,C1310,Orge d'hiver,4.03,34.73,8.618,False
2018,BE33,Liège,C1310,Orge d'hiver,3.14,23.61,7.519,False
2019,BE33,Liège,C1310,Orge d'hiver,3.49,30.48,8.734,False
2020,BE33,Liège,C1310,Orge d'hiver,2.81,22.8,8.114,False
2021,BE33,Liège,C1310,Orge d'hiver,2.43,19.03,7.831,False
2022,BE33,Liège,C1310,Orge d'hiver,3.32,28.66,8.633,False
2023,BE33,Liège,C1310,Orge d'hiver,3.43,29.4,8.571,False
2024,BE33,Liège,C1310,Orge d'hiver,3.25,20.87,6.422,False
2011,BE34,Luxembourg,C1310,Orge d'hiver,1.0,5.99,5.99,False
2012,BE34,Luxembourg,C1310,Orge d'hiver,0.9,5.8,6.444,False
2013,BE34,Luxembourg,C1310,Orge d'hiver,1.2,8.3,6.917,False
2014,BE34,Luxembourg,C1310,Orge d'hiver,1.37,9.45,6.898,False
2015,BE34,Luxembourg,C1310,Orge d'hiver,1.48,11.05,7.466,False
2016,BE34,Luxembourg,C1310,Orge d'hiver,2.07,10.21,4.932,False
2017,BE34,Luxembourg,C1310,Orge d'hiver,1.57,10.35,6.592,False
2018,BE34,Luxembourg,C1310,Orge d'hiver,1.57,9.28,5.911,False
2019,BE34,Luxembourg,C1310,Orge d'hiver,1.71,11.75,6.871,False
2020,BE34,Luxembourg,C1310,Orge d'hiver,1.46,8.19,5.61,False
2021,BE34,Luxembourg,C1310,Orge d'hiver,1.18,7.29,6.178,False
2022,BE34,Luxembourg,C1310,Orge d'hiver,1.29,8.81,6.829,False
2023,BE34,Luxembourg,C1310,Orge d'hiver,1.49,9.55,6.409,False
2024,BE34,Luxembourg,C1310,Orge d'hiver,2.02,10.78,5.337,False
2011,BE35,Namur,C1310,Orge d'hiver,10.0,82.9,8.29,False
2012,BE35,Namur,C1310,Orge d'hiver,10.9,84.9,7.789,False
2013,BE35,Namur,C1310,Orge d'hiver,10.5,84.26,8.025,False
2014,BE35,Namur,C1310,Orge d'hiver,11.32,97.56,8.618,False
2015,BE35,Namur,C1310,Orge d'hiver,10.88,95.79,8.804,False
2016,BE35,Namur,C1310,Orge d'hiver,12.53,72.51,5.787,False
2017,BE35,Namur,C1310,Orge d'hiver,9.8,85.34,8.708,False
2018,BE35,Namur,C1310,Orge d'hiver,9.2,72.15,7.842,False
2019,BE35,Namur,C1310,Orge d'hiver,10.44,88.08,8.437,False
2020,BE35,Namur,C1310,Orge d'hiver,10.02,73.29,7.314,False
2021,BE35,Namur,C1310,Orge d'hiver,8.0,61.15,7.644,False
2022,BE35,Namur,C1310,Orge d'hiver,9.64,73.38,7.612,False
2023,BE35,Namur,C1310,Orge d'hiver,10.07,77.18,7.664,False
2024,BE35,Namur,C1310,Orge d'hiver,9.82,59.51,6.06,False
2011,BE3,Wallonie,C1500,Maïs grain,7.0,70.5,10.071,False
2012,BE3,Wallonie,C1500,Maïs grain,6.3,53.75,8.532,False
2013,BE3,Wallonie,C1500,Maïs grain,7.9,65.17,8.249,False
2014,BE3,Wallonie,C1500,Maïs grain,4.94,50.08,10.138,False
2015,BE3,Wallonie,C1500,Maïs grain,5.99,56.47,9.427,False
2016,BE3,Wallonie,C1500,Maïs grain,4.68,37.08,7.923,False
2017,BE3,Wallonie,C1500,Maïs grain,4.74,44.27,9.34,False
2018,BE3,Wallonie,C1500,Maïs grain,5.6,41.44,7.4,False
2019,BE3,Wallonie,C1500,Maïs grain,5.57,48.46,8.7,False
2020,BE3,Wallonie,C1500,Maïs grain,7.15,53.03,7.417,False
2021,BE3,Wallonie,C1500,Maïs grain,7.23,63.87,8.834,False
2022,BE3,Wallonie,C1500,Maïs grain,10.45,85.34,8.167,False
2023,BE3,Wallonie,C1500,Maïs grain,6.93,59.39,8.57,False
2024,BE3,Wallonie,C1500,Maïs grain,9.11,75.37,8.273,False
2011,BE31,Brabant wallon,C1500,Maïs grain,2.0,17.63,8.815,False
2012,BE31,Brabant wallon,C1500,Maïs grain,1.8,15.85,8.806,False
2013,BE31,Brabant wallon,C1500,Maïs grain,2.2,16.15,7.341,False
2014,BE31,Brabant wallon,C1500,Maïs grain,1.44,14.86,10.319,False
2015,BE31,Brabant wallon,C1500,Maïs grain,1.85,16.05,8.676,False
2016,BE31,Brabant wallon,C1500,Maïs grain,1.41,11.5,8.156,False
2017,BE31,Brabant wallon,C1500,Maïs grain,1.33,13.27,9.977,False
2018,BE31,Brabant wallon,C1500,Maïs grain,1.47,9.8,6.667,False
2019,BE31,Brabant wallon,C1500,Maïs grain,1.53,13.23,8.647,False
2020,BE31,Brabant wallon,C1500,Maïs grain,1.67,12.6,7.545,False
2021,BE31,Brabant wallon,C1500,Maïs grain,1.91,18.34,9.602,False
2022,BE31,Brabant wallon,C1500,Maïs grain,2.4,19.98,8.325,False
2023,BE31,Brabant wallon,C1500,Maïs grain,1.66,15.12,9.108,False
2024,BE31,Brabant wallon,C1500,Maïs grain,1.75,14.73,8.417,False
2011,BE32,Hainaut,C1500,Maïs grain,5.0,45.67,9.134,False
2012,BE32,Hainaut,C1500,Maïs grain,3.8,31.46,8.279,False
2013,BE32,Hainaut,C1500,Maïs grain,4.8,43.0,8.958,False
2014,BE32,Hainaut,C1500,Maïs grain,2.96,29.95,10.118,False
2015,BE32,Hainaut,C1500,Maïs grain,3.25,32.3,9.938,False
2016,BE32,Hainaut,C1500,Maïs grain,2.4,19.32,8.05,False
2017,BE32,Hainaut,C1500,Maïs grain,2.62,23.63,9.019,False
2018,BE32,Hainaut,C1500,Maïs grain,2.98,24.14,8.101,False
2019,BE32,Hainaut,C1500,Maïs grain,2.75,25.29,9.196,False
2020,BE32,Hainaut,C1500,Maïs grain,4.0,30.51,7.628,False
2021,BE32,Hainaut,C1500,Maïs grain,3.8,33.7,8.868,False
2022,BE32,Hainaut,C1500,Maïs grain,6.07,51.3,8.451,False
2023,BE32,Hainaut,C1500,Maïs grain,4.01,35.62,8.883,False
2024,BE32,Hainaut,C1500,Maïs grain,6.04,52.25,8.651,False
2011,BE33,Liège,C1500,Maïs grain,0.0,4.01,,False
2012,BE33,Liège,C1500,Maïs grain,0.3,3.03,10.1,False
2013,BE33,Liège,C1500,Maïs grain,0.4,2.53,6.325,False
2014,BE33,Liège,C1500,Maïs grain,0.23,2.44,10.609,False
2015,BE33,Liège,C1500,Maïs grain,0.38,3.49,9.184,False
2016,BE33,Liège,C1500,Maïs grain,0.35,2.66,7.6,False
2017,BE33,Liège,C1500,Maïs grain,0.31,3.03,9.774,False
2018,BE33,Liège,C1500,Maïs grain,0.54,4.49,8.315,False
2019,BE33,Liège,C1500,Maïs grain,0.5,4.16,8.32,False
2020,BE33,Liège,C1500,Maïs grain,0.68,4.79,7.044,False
2021,BE33,Liège,C1500,Maïs grain,0.75,6.07,8.093,False
2022,BE33,Liège,C1500,Maïs grain,0.99,6.49,6.556,False
2023,BE33,Liège,C1500,Maïs grain,0.55,4.3,7.818,False
2024,BE33,Liège,C1500,Maïs grain,0.68,4.11,6.044,False
2011,BE34,Luxembourg,C1500,Maïs grain,0.0,0.8,,False
2012,BE34,Luxembourg,C1500,Maïs grain,0.0,0.31,,False
2013,BE34,Luxembourg,C1500,Maïs grain,0.0,0.16,,False
2014,BE34,Luxembourg,C1500,Maïs grain,0.05,0.61,12.2,False
2015,BE34,Luxembourg,C1500,Maïs grain,0.06,0.51,8.5,False
2016,BE34,Luxembourg,C1500,Maïs grain,0.11,0.74,6.727,False
2017,BE34,Luxembourg,C1500,Maïs grain,0.08,0.85,10.625,False
2018,BE34,Luxembourg,C1500,Maïs grain,0.19,0.69,3.632,False
2019,BE34,Luxembourg,C1500,Maïs grain,0.19,1.23,6.474,False
2020,BE34,Luxembourg,C1500,Maïs grain,0.16,0.78,4.875,False
2021,BE34,Luxembourg,C1500,Maïs grain,0.19,1.01,5.316,False
2022,BE34,Luxembourg,C1500,Maïs grain,0.2,1.38,6.9,False
2023,BE34,Luxembourg,C1500,Maïs grain,0.1,0.45,4.5,False
2024,BE34,Luxembourg,C1500,Maïs grain,0.06,0.47,7.833,False
2011,BE35,Namur,C1500,Maïs grain,0.0,3.2,,False
2012,BE35,Namur,C1500,Maïs grain,0.4,3.03,7.575,False
2013,BE35,Namur,C1500,Maïs grain,0.5,3.33,6.66,False
2014,BE35,Namur,C1500,Maïs grain,0.27,2.23,8.259,False
2015,BE35,Namur,C1500,Maïs grain,0.44,4.12,9.364,False
2016,BE35,Namur,C1500,Maïs grain,0.41,2.85,6.951,False
2017,BE35,Namur,C1500,Maïs grain,0.4,3.49,8.725,False
2018,BE35,Namur,C1500,Maïs grain,0.42,2.32,5.524,False
2019,BE35,Namur,C1500,Maïs grain,0.6,4.53,7.55,False
2020,BE35,Namur,C1500,Maïs grain,0.64,4.36,6.812,False
2021,BE35,Namur,C1500,Maïs grain,0.59,4.76,8.068,False
2022,BE35,Namur,C1500,Maïs grain,0.78,6.2,7.949,False
2023,BE35,Namur,C1500,Maïs grain,0.61,3.9,6.393,False
2024,BE35,Namur,C1500,Maïs grain,0.58,3.81,6.569,False
2000,BE3,Wallonie,G3000,Maïs fourrager,52.3,2297.1,43.922,False
2001,BE3,Wallonie,G3000,Maïs fourrager,55.4,2374.4,42.859,False
2002,BE3,Wallonie,G3000,Maïs fourrager,54.7,2569.9,46.982,False
2003,BE3,Wallonie,G3000,Maïs fourrager,55.3,2634.9,47.647,False
2004,BE3,Wallonie,G3000,Maïs fourrager,55.2,2543.6,46.08,False
2005,BE3,Wallonie,G3000,Maïs fourrager,52.8,2468.6,46.754,False
2006,BE3,Wallonie,G3000,Maïs fourrager,52.1,2022.6,38.821,False
2007,BE3,Wallonie,G3000,Maïs fourrager,53.6,2531.4,47.228,False
2008,BE3,Wallonie,G3000,Maïs fourrager,57.7,2725.9,47.243,False
2009,BE3,Wallonie,G3000,Maïs fourrager,,2765.4,,False
2010,BE3,Wallonie,G3000,Maïs fourrager,58.7,2585.2,44.041,False
2011,BE3,Wallonie,G3000,Maïs fourrager,56.0,,,False
2012,BE3,Wallonie,G3000,Maïs fourrager,55.8,2466.4,44.201,False
2013,BE3,Wallonie,G3000,Maïs fourrager,54.9,2304.7,41.98,False
2014,BE3,Wallonie,G3000,Maïs fourrager,54.99,2713.21,49.34,False
2015,BE3,Wallonie,G3000,Maïs fourrager,53.22,2520.66,47.363,False
2016,BE3,Wallonie,G3000,Maïs fourrager,51.14,2272.31,44.433,False
2017,BE3,Wallonie,G3000,Maïs fourrager,51.07,2446.63,47.907,False
2018,BE3,Wallonie,G3000,Maïs fourrager,54.36,2284.71,42.029,False
2019,BE3,Wallonie,G3000,Maïs fourrager,52.81,2263.43,42.86,False
2020,BE3,Wallonie,G3000,Maïs fourrager,56.1,2487.9,44.348,False
2021,BE3,Wallonie,G3000,Maïs fourrager,57.73,2442.89,42.316,False
2022,BE3,Wallonie,G3000,Maïs fourrager,55.62,2591.92,46.601,False
2023,BE3,Wallonie,G3000,Maïs fourrager,54.1,2477.52,45.795,False
2024,BE3,Wallonie,G3000,Maïs fourrager,59.63,2477.32,41.545,False
2000,BE31,Brabant wallon,G3000,Maïs fourrager,4.2,204.3,48.643,False
2001,BE31,Brabant wallon,G3000,Maïs fourrager,3.6,151.5,42.083,False
2002,BE31,Brabant wallon,G3000,Maïs fourrager,3.6,162.2,45.056,False
2003,BE31,Brabant wallon,G3000,Maïs fourrager,3.5,152.8,43.657,False
2004,BE31,Brabant wallon,G3000,Maïs fourrager,3.7,170.4,46.054,False
2005,BE31,Brabant wallon,G3000,Maïs fourrager,3.5,156.9,44.829,False
2006,BE31,Brabant wallon,G3000,Maïs fourrager,3.4,147.5,43.382,False
2007,BE31,Brabant wallon,G3000,Maïs fourrager,3.6,155.7,43.25,False
2008,BE31,Brabant wallon,G3000,Maïs fourrager,3.9,189.9,48.692,False
2009,BE31,Brabant wallon,G3000,Maïs fourrager,,180.4,,False
2010,BE31,Brabant wallon,G3000,Maïs fourrager,4.2,189.3,45.071,False
2011,BE31,Brabant wallon,G3000,Maïs fourrager,4.0,,,False
2012,BE31,Brabant wallon,G3000,Maïs fourrager,3.9,186.9,47.923,False
2013,BE31,Brabant wallon,G3000,Maïs fourrager,3.8,164.0,43.158,False
2014,BE31,Brabant wallon,G3000,Maïs fourrager,3.82,186.55,48.835,False
2015,BE31,Brabant wallon,G3000,Maïs fourrager,3.78,186.08,49.228,False
2016,BE31,Brabant wallon,G3000,Maïs fourrager,3.52,167.95,47.713,False
2017,BE31,Brabant wallon,G3000,Maïs fourrager,3.45,157.19,45.562,False
2018,BE31,Brabant wallon,G3000,Maïs fourrager,3.86,159.97,41.443,False
2019,BE31,Brabant wallon,G3000,Maïs fourrager,3.71,153.12,41.272,False
2020,BE31,Brabant wallon,G3000,Maïs fourrager,4.06,176.21,43.401,False
2021,BE31,Brabant wallon,G3000,Maïs fourrager,4.05,146.93,36.279,False
2022,BE31,Brabant wallon,G3000,Maïs fourrager,3.79,179.72,47.42,False
2023,BE31,Brabant wallon,G3000,Maïs fourrager,3.72,154.9,41.64,False
2024,BE31,Brabant wallon,G3000,Maïs fourrager,3.98,162.53,40.837,False
2000,BE32,Hainaut,G3000,Maïs fourrager,24.5,1111.0,45.347,False
2001,BE32,Hainaut,G3000,Maïs fourrager,26.6,1177.8,44.278,False
2002,BE32,Hainaut,G3000,Maïs fourrager,25.3,1226.3,48.47,False
2003,BE32,Hainaut,G3000,Maïs fourrager,25.4,1290.0,50.787,False
2004,BE32,Hainaut,G3000,Maïs fourrager,24.4,1147.6,47.033,False
2005,BE32,Hainaut,G3000,Maïs fourrager,23.1,1099.4,47.593,False
2006,BE32,Hainaut,G3000,Maïs fourrager,23.1,916.4,39.671,False
2007,BE32,Hainaut,G3000,Maïs fourrager,24.1,1107.0,45.934,False
2008,BE32,Hainaut,G3000,Maïs fourrager,25.6,1186.9,46.363,False
2009,BE32,Hainaut,G3000,Maïs fourrager,,1208.6,,False
2010,BE32,Hainaut,G3000,Maïs fourrager,25.1,1125.9,44.857,False
2011,BE32,Hainaut,G3000,Maïs fourrager,24.0,,,False
2012,BE32,Hainaut,G3000,Maïs fourrager,23.8,1007.4,42.328,False
2013,BE32,Hainaut,G3000,Maïs fourrager,23.5,926.3,39.417,False
2014,BE32,Hainaut,G3000,Maïs fourrager,23.53,1198.93,50.953,False
2015,BE32,Hainaut,G3000,Maïs fourrager,22.32,1110.62,49.759,False
2016,BE32,Hainaut,G3000,Maïs fourrager,20.59,935.32,45.426,False
2017,BE32,Hainaut,G3000,Maïs fourrager,21.22,1039.07,48.967,False
2018,BE32,Hainaut,G3000,Maïs fourrager,22.05,935.74,42.437,False
2019,BE32,Hainaut,G3000,Maïs fourrager,21.23,937.68,44.168,False
2020,BE32,Hainaut,G3000,Maïs fourrager,22.69,1033.03,45.528,False
2021,BE32,Hainaut,G3000,Maïs fourrager,23.31,999.54,42.88,False
2022,BE32,Hainaut,G3000,Maïs fourrager,22.2,1040.71,46.879,False
2023,BE32,Hainaut,G3000,Maïs fourrager,20.98,973.3,46.392,False
2024,BE32,Hainaut,G3000,Maïs fourrager,23.9,1024.75,42.877,False
2000,BE33,Liège,G3000,Maïs fourrager,6.4,275.7,43.078,False
2001,BE33,Liège,G3000,Maïs fourrager,6.7,291.8,43.552,False
2002,BE33,Liège,G3000,Maïs fourrager,6.8,333.6,49.059,False
2003,BE33,Liège,G3000,Maïs fourrager,7.2,345.8,48.028,False
2004,BE33,Liège,G3000,Maïs fourrager,7.6,380.1,50.013,False
2005,BE33,Liège,G3000,Maïs fourrager,7.3,344.1,47.137,False
2006,BE33,Liège,G3000,Maïs fourrager,7.3,281.4,38.548,False
2007,BE33,Liège,G3000,Maïs fourrager,7.7,379.0,49.221,False
2008,BE33,Liège,G3000,Maïs fourrager,8.2,396.1,48.305,False
2009,BE33,Liège,G3000,Maïs fourrager,,416.7,,False
2010,BE33,Liège,G3000,Maïs fourrager,9.0,393.4,43.711,False
2011,BE33,Liège,G3000,Maïs fourrager,9.0,,,False
2012,BE33,Liège,G3000,Maïs fourrager,8.7,406.0,46.667,False
2013,BE33,Liège,G3000,Maïs fourrager,8.8,385.0,43.75,False
2014,BE33,Liège,G3000,Maïs fourrager,8.72,433.2,49.679,False
2015,BE33,Liège,G3000,Maïs fourrager,8.93,435.28,48.744,False
2016,BE33,Liège,G3000,Maïs fourrager,8.68,373.78,43.062,False
2017,BE33,Liège,G3000,Maïs fourrager,8.36,415.06,49.648,False
2018,BE33,Liège,G3000,Maïs fourrager,8.48,346.67,40.881,False
2019,BE33,Liège,G3000,Maïs fourrager,8.11,371.9,45.857,False
2020,BE33,Liège,G3000,Maïs fourrager,8.71,403.01,46.27,False
2021,BE33,Liège,G3000,Maïs fourrager,8.69,370.23,42.604,False
2022,BE33,Liège,G3000,Maïs fourrager,8.51,421.06,49.478,False
2023,BE33,Liège,G3000,Maïs fourrager,8.47,385.41,45.503,False
2024,BE33,Liège,G3000,Maïs fourrager,9.45,401.14,42.449,False
2000,BE34,Luxembourg,G3000,Maïs fourrager,6.6,275.4,41.727,False
2001,BE34,Luxembourg,G3000,Maïs fourrager,7.0,288.7,41.243,False
2002,BE34,Luxembourg,G3000,Maïs fourrager,7.5,327.1,43.613,False
2003,BE34,Luxembourg,G3000,Maïs fourrager,7.6,324.9,42.75,False
2004,BE34,Luxembourg,G3000,Maïs fourrager,8.1,364.5,45.0,False
2005,BE34,Luxembourg,G3000,Maïs fourrager,8.0,379.4,47.425,False
2006,BE34,Luxembourg,G3000,Maïs fourrager,7.6,295.8,38.921,False
2007,BE34,Luxembourg,G3000,Maïs fourrager,7.6,360.2,47.395,False
2008,BE34,Luxembourg,G3000,Maïs fourrager,8.2,388.9,47.427,False
2009,BE34,Luxembourg,G3000,Maïs fourrager,,406.3,,False
2010,BE34,Luxembourg,G3000,Maïs fourrager,8.2,350.5,42.744,False
2011,BE34,Luxembourg,G3000,Maïs fourrager,8.0,,,False
2012,BE34,Luxembourg,G3000,Maïs fourrager,7.9,326.9,41.38,False
2013,BE34,Luxembourg,G3000,Maïs fourrager,7.6,306.9,40.382,False
2014,BE34,Luxembourg,G3000,Maïs fourrager,7.47,354.94,47.515,False
2015,BE34,Luxembourg,G3000,Maïs fourrager,7.12,299.96,42.129,False
2016,BE34,Luxembourg,G3000,Maïs fourrager,7.22,324.34,44.922,False
2017,BE34,Luxembourg,G3000,Maïs fourrager,7.25,366.55,50.559,False
2018,BE34,Luxembourg,G3000,Maïs fourrager,7.96,347.62,43.671,False
2019,BE34,Luxembourg,G3000,Maïs fourrager,7.9,332.83,42.13,False
2020,BE34,Luxembourg,G3000,Maïs fourrager,8.37,365.25,43.638,False
2021,BE34,Luxembourg,G3000,Maïs fourrager,8.75,375.96,42.967,False
2022,BE34,Luxembourg,G3000,Maïs fourrager,8.53,392.02,45.958,False
2023,BE34,Luxembourg,G3000,Maïs fourrager,8.78,410.73,46.78,False
2024,BE34,Luxembourg,G3000,Maïs fourrager,9.2,371.91,40.425,False
2000,BE35,Namur,G3000,Maïs fourrager,10.5,430.6,41.01,False
2001,BE35,Namur,G3000,Maïs fourrager,11.5,464.6,40.4,False
2002,BE35,Namur,G3000,Maïs fourrager,11.4,520.6,45.667,False
2003,BE35,Namur,G3000,Maïs fourrager,11.6,521.4,44.948,False
2004,BE35,Namur,G3000,Maïs fourrager,11.5,481.0,41.826,False
2005,BE35,Namur,G3000,Maïs fourrager,11.0,488.8,44.436,False
2006,BE35,Namur,G3000,Maïs fourrager,10.7,381.6,35.664,False
2007,BE35,Namur,G3000,Maïs fourrager,10.6,529.5,49.953,False
2008,BE35,Namur,G3000,Maïs fourrager,11.7,564.1,48.214,False
2009,BE35,Namur,G3000,Maïs fourrager,,553.4,,False
2010,BE35,Namur,G3000,Maïs fourrager,12.3,526.2,42.78,False
2011,BE35,Namur,G3000,Maïs fourrager,12.0,,,False
2012,BE35,Namur,G3000,Maïs fourrager,11.6,539.3,46.491,False
2013,BE35,Namur,G3000,Maïs fourrager,11.3,522.4,46.23,False
2014,BE35,Namur,G3000,Maïs fourrager,11.44,539.6,47.168,False
2015,BE35,Namur,G3000,Maïs fourrager,11.07,488.72,44.148,False
2016,BE35,Namur,G3000,Maïs fourrager,11.13,470.92,42.311,False
2017,BE35,Namur,G3000,Maïs fourrager,10.79,468.76,43.444,False
2018,BE35,Namur,G3000,Maïs fourrager,12.0,494.7,41.225,False
2019,BE35,Namur,G3000,Maïs fourrager,11.87,467.9,39.419,False
2020,BE35,Namur,G3000,Maïs fourrager,12.28,510.4,41.564,False
2021,BE35,Namur,G3000,Maïs fourrager,12.94,550.23,42.522,False
2022,BE35,Namur,G3000,Maïs fourrager,12.6,558.4,44.317,False
2023,BE35,Namur,G3000,Maïs fourrager,12.16,553.17,45.491,False
2024,BE35,Namur,G3000,Maïs fourrager,13.11,516.98,39.434,False
2000,BE3,Wallonie,I1110,Colza,4.5,13.6,3.022,False
2001,BE3,Wallonie,I1110,Colza,4.9,18.0,3.673,False
2002,BE3,Wallonie,I1110,Colza,5.0,17.9,3.58,False
2003,BE3,Wallonie,I1110,Colza,4.5,16.4,3.644,False
2004,BE3,Wallonie,I1110,Colza,5.5,22.6,4.109,False
2005,BE3,Wallonie,I1110,Colza,5.5,23.5,4.273,False
2006,BE3,Wallonie,I1110,Colza,8.7,30.7,3.529,False
2007,BE3,Wallonie,I1110,Colza,9.8,37.0,3.776,False
2008,BE3,Wallonie,I1110,Colza,8.2,31.6,3.854,False
2009,BE3,Wallonie,I1110,Colza,9.2,39.8,4.326,False
2010,BE3,Wallonie,I1110,Colza,10.6,42.8,4.038,False
2011,BE3,Wallonie,I1110,Colza,11.0,50.0,4.545,False
2012,BE3,Wallonie,I1110,Colza,11.8,45.2,3.831,False
2013,BE3,Wallonie,I1110,Colza,13.5,52.2,3.867,False
2014,BE3,Wallonie,I1110,Colza,11.58,50.62,4.371,False
2015,BE3,Wallonie,I1110,Colza,10.64,45.77,4.302,False
2016,BE3,Wallonie,I1110,Colza,10.92,37.59,3.442,False
2017,BE3,Wallonie,I1110,Colza,10.13,43.59,4.303,False
2018,BE3,Wallonie,I1110,Colza,10.58,40.6,3.837,False
2019,BE3,Wallonie,I1110,Colza,8.59,30.72,3.576,False
2020,BE3,Wallonie,I1110,Colza,7.47,27.82,3.724,False
2021,BE3,Wallonie,I1110,Colza,7.48,25.48,3.406,False
2022,BE3,Wallonie,I1110,Colza,7.81,33.67,4.311,False
2023,BE3,Wallonie,I1110,Colza,11.12,41.63,3.744,False
2024,BE3,Wallonie,I1110,Colza,9.55,32.02,3.353,False
2000,BE31,Brabant wallon,I1110,Colza,0.1,0.3,3.0,False
2001,BE31,Brabant wallon,I1110,Colza,0.1,0.2,2.0,False
2002,BE31,Brabant wallon,I1110,Colza,0.0,0.1,,False
2003,BE31,Brabant wallon,I1110,Colza,0.1,0.3,3.0,False
2004,BE31,Brabant wallon,I1110,Colza,0.1,0.4,4.0,False
2005,BE31,Brabant wallon,I1110,Colza,0.1,0.5,5.0,False
2006,BE31,Brabant wallon,I1110,Colza,0.4,1.2,3.0,False
2007,BE31,Brabant wallon,I1110,Colza,0.5,1.9,3.8,False
2008,BE31,Brabant wallon,I1110,Colza,0.4,2.1,5.25,False
2009,BE31,Brabant wallon,I1110,Colza,0.5,1.8,3.6,False
2010,BE31,Brabant wallon,I1110,Colza,0.5,2.2,4.4,False
2011,BE31,Brabant wallon,I1110,Colza,1.0,3.0,3.0,False
2012,BE31,Brabant wallon,I1110,Colza,0.7,3.0,4.286,False
2013,BE31,Brabant wallon,I1110,Colza,1.0,4.2,4.2,False
2014,BE31,Brabant wallon,I1110,Colza,0.81,3.47,4.284,False
2015,BE31,Brabant wallon,I1110,Colza,0.7,3.12,4.457,False
2016,BE31,Brabant wallon,I1110,Colza,0.76,2.83,3.724,False
2017,BE31,Brabant wallon,I1110,Colza,0.83,3.96,4.771,False
2018,BE31,Brabant wallon,I1110,Colza,0.89,3.73,4.191,False
2019,BE31,Brabant wallon,I1110,Colza,0.84,2.99,3.56,False
2020,BE31,Brabant wallon,I1110,Colza,0.78,3.13,4.013,False
2021,BE31,Brabant wallon,I1110,Colza,0.8,2.84,3.55,False
2022,BE31,Brabant wallon,I1110,Colza,0.81,3.73,4.605,False
2023,BE31,Brabant wallon,I1110,Colza,1.12,4.67,4.17,False
2024,BE31,Brabant wallon,I1110,Colza,1.14,4.23,3.711,False
2000,BE32,Hainaut,I1110,Colza,0.5,1.7,3.4,False
2001,BE32,Hainaut,I1110,Colza,0.5,1.9,3.8,False
2002,BE32,Hainaut,I1110,Colza,0.6,2.1,3.5,False
2003,BE32,Hainaut,I1110,Colza,0.4,1.6,4.0,False
2004,BE32,Hainaut,I1110,Colza,0.6,2.4,4.0,False
2005,BE32,Hainaut,I1110,Colza,0.6,2.6,4.333,False
2006,BE32,Hainaut,I1110,Colza,1.2,4.1,3.417,False
2007,BE32,Hainaut,I1110,Colza,1.4,5.2,3.714,False
2008,BE32,Hainaut,I1110,Colza,0.9,3.3,3.667,False
2009,BE32,Hainaut,I1110,Colza,1.1,4.7,4.273,False
2010,BE32,Hainaut,I1110,Colza,1.3,5.5,4.231,False
2011,BE32,Hainaut,I1110,Colza,2.0,7.0,3.5,False
2012,BE32,Hainaut,I1110,Colza,1.8,7.0,3.889,False
2013,BE32,Hainaut,I1110,Colza,1.9,7.8,4.105,False
2014,BE32,Hainaut,I1110,Colza,1.58,7.28,4.608,False
2015,BE32,Hainaut,I1110,Colza,1.6,7.3,4.562,False
2016,BE32,Hainaut,I1110,Colza,1.39,4.78,3.439,False
2017,BE32,Hainaut,I1110,Colza,1.47,6.45,4.388,False
2018,BE32,Hainaut,I1110,Colza,1.7,6.44,3.788,False
2019,BE32,Hainaut,I1110,Colza,1.39,4.85,3.489,False
2020,BE32,Hainaut,I1110,Colza,1.14,4.16,3.649,False
2021,BE32,Hainaut,I1110,Colza,1.12,3.58,3.196,False
2022,BE32,Hainaut,I1110,Colza,1.3,5.87,4.515,False
2023,BE32,Hainaut,I1110,Colza,1.79,6.6,3.687,False
2024,BE32,Hainaut,I1110,Colza,1.67,5.7,3.413,False
2000,BE33,Liège,I1110,Colza,0.5,1.6,3.2,False
2001,BE33,Liège,I1110,Colza,0.7,2.5,3.571,False
2002,BE33,Liège,I1110,Colza,0.6,2.4,4.0,False
2003,BE33,Liège,I1110,Colza,0.7,2.8,4.0,False
2004,BE33,Liège,I1110,Colza,0.9,3.6,4.0,False
2005,BE33,Liège,I1110,Colza,0.8,3.6,4.5,False
2006,BE33,Liège,I1110,Colza,1.5,5.7,3.8,False
2007,BE33,Liège,I1110,Colza,1.8,6.9,3.833,False
2008,BE33,Liège,I1110,Colza,1.4,5.3,3.786,False
2009,BE33,Liège,I1110,Colza,1.5,7.1,4.733,False
2010,BE33,Liège,I1110,Colza,2.0,8.6,4.3,False
2011,BE33,Liège,I1110,Colza,2.0,10.0,5.0,False
2012,BE33,Liège,I1110,Colza,2.1,8.5,4.048,False
2013,BE33,Liège,I1110,Colza,2.5,11.1,4.44,False
2014,BE33,Liège,I1110,Colza,2.06,9.94,4.825,False
2015,BE33,Liège,I1110,Colza,1.76,8.04,4.568,False
2016,BE33,Liège,I1110,Colza,2.03,7.82,3.852,False
2017,BE33,Liège,I1110,Colza,1.87,8.57,4.583,False
2018,BE33,Liège,I1110,Colza,1.9,7.59,3.995,False
2019,BE33,Liège,I1110,Colza,1.58,6.09,3.854,False
2020,BE33,Liège,I1110,Colza,1.03,4.26,4.136,False
2021,BE33,Liège,I1110,Colza,1.23,4.49,3.65,False
2022,BE33,Liège,I1110,Colza,1.29,5.62,4.357,False
2023,BE33,Liège,I1110,Colza,1.87,7.13,3.813,False
2024,BE33,Liège,I1110,Colza,1.53,5.2,3.399,False
2000,BE34,Luxembourg,I1110,Colza,0.3,0.9,3.0,False
2001,BE34,Luxembourg,I1110,Colza,0.3,0.9,3.0,False
2002,BE34,Luxembourg,I1110,Colza,0.2,0.6,3.0,False
2003,BE34,Luxembourg,I1110,Colza,0.2,0.5,2.5,False
2004,BE34,Luxembourg,I1110,Colza,0.3,0.9,3.0,False
2005,BE34,Luxembourg,I1110,Colza,0.2,0.7,3.5,False
2006,BE34,Luxembourg,I1110,Colza,0.4,1.4,3.5,False
2007,BE34,Luxembourg,I1110,Colza,0.5,1.7,3.4,False
2008,BE34,Luxembourg,I1110,Colza,0.4,1.5,3.75,False
2009,BE34,Luxembourg,I1110,Colza,0.4,1.5,3.75,False
2010,BE34,Luxembourg,I1110,Colza,0.4,1.4,3.5,False
2011,BE34,Luxembourg,I1110,Colza,0.0,1.0,,False
2012,BE34,Luxembourg,I1110,Colza,0.4,1.3,3.25,False
2013,BE34,Luxembourg,I1110,Colza,0.5,1.7,3.4,False
2014,BE34,Luxembourg,I1110,Colza,0.47,1.84,3.915,False
2015,BE34,Luxembourg,I1110,Colza,0.57,2.17,3.807,False
2016,BE34,Luxembourg,I1110,Colza,0.62,2.07,3.339,False
2017,BE34,Luxembourg,I1110,Colza,0.64,2.63,4.109,False
2018,BE34,Luxembourg,I1110,Colza,0.68,2.34,3.441,False
2019,BE34,Luxembourg,I1110,Colza,0.5,1.64,3.28,False
2020,BE34,Luxembourg,I1110,Colza,0.5,1.63,3.26,False
2021,BE34,Luxembourg,I1110,Colza,0.32,0.92,2.875,False
2022,BE34,Luxembourg,I1110,Colza,0.42,1.69,4.024,False
2023,BE34,Luxembourg,I1110,Colza,0.56,2.08,3.714,False
2024,BE34,Luxembourg,I1110,Colza,0.7,2.47,3.529,False
2000,BE35,Namur,I1110,Colza,3.0,9.1,3.033,False
2001,BE35,Namur,I1110,Colza,3.4,12.4,3.647,False
2002,BE35,Namur,I1110,Colza,3.5,12.7,3.629,False
2003,BE35,Namur,I1110,Colza,3.1,11.1,3.581,False
2004,BE35,Namur,I1110,Colza,3.7,15.2,4.108,False
2005,BE35,Namur,I1110,Colza,3.8,16.0,4.211,False
2006,BE35,Namur,I1110,Colza,5.2,18.3,3.519,False
2007,BE35,Namur,I1110,Colza,5.6,21.4,3.821,False
2008,BE35,Namur,I1110,Colza,5.1,19.5,3.824,False
2009,BE35,Namur,I1110,Colza,5.7,24.7,4.333,False
2010,BE35,Namur,I1110,Colza,6.3,25.1,3.984,False
2011,BE35,Namur,I1110,Colza,7.0,29.0,4.143,False
2012,BE35,Namur,I1110,Colza,6.8,25.5,3.75,False
2013,BE35,Namur,I1110,Colza,7.7,27.4,3.558,False
2014,BE35,Namur,I1110,Colza,6.66,28.09,4.218,False
2015,BE35,Namur,I1110,Colza,6.02,25.13,4.174,False
2016,BE35,Namur,I1110,Colza,6.12,20.1,3.284,False
2017,BE35,Namur,I1110,Colza,5.32,21.98,4.132,False
2018,BE35,Namur,I1110,Colza,5.41,20.5,3.789,False
2019,BE35,Namur,I1110,Colza,4.28,15.15,3.54,False
2020,BE35,Namur,I1110,Colza,4.02,14.64,3.642,False
2021,BE35,Namur,I1110,Colza,4.01,13.66,3.406,False
2022,BE35,Namur,I1110,Colza,4.0,16.77,4.192,False
2023,BE35,Namur,I1110,Colza,5.78,21.14,3.657,False
2024,BE35,Namur,I1110,Colza,4.51,14.43,3.2,False
2000,BE3,Wallonie,R1000,Pomme de terre,22.7,1014.0,44.67,False
2001,BE3,Wallonie,R1000,Pomme de terre,21.7,899.2,41.438,False
2002,BE3,Wallonie,R1000,Pomme de terre,21.7,1003.3,46.235,False
2003,BE3,Wallonie,R1000,Pomme de terre,22.4,951.2,42.464,False
2004,BE3,Wallonie,R1000,Pomme de terre,24.8,1176.8,47.452,False
2005,BE3,Wallonie,R1000,Pomme de terre,24.7,1073.4,43.457,False
2006,BE3,Wallonie,R1000,Pomme de terre,25.1,961.0,38.287,False
2007,BE3,Wallonie,R1000,Pomme de terre,25.5,1209.5,47.431,False
2008,BE3,Wallonie,R1000,Pomme de terre,25.9,1192.3,46.035,False
2009,BE3,Wallonie,R1000,Pomme de terre,31.3,1396.5,44.617,False
2010,BE3,Wallonie,R1000,Pomme de terre,35.1,1499.7,42.726,False
2011,BE3,Wallonie,R1000,Pomme de terre,34.0,710.04,20.884,True
2012,BE3,Wallonie,R1000,Pomme de terre,29.8,1249.3,41.923,False
2013,BE3,Wallonie,R1000,Pomme de terre,32.1,1450.2,45.178,False
2014,BE3,Wallonie,R1000,Pomme de terre,35.45,1779.95,50.21,False
2015,BE3,Wallonie,R1000,Pomme de terre,34.85,1641.17,47.092,False
2016,BE3,Wallonie,R1000,Pomme de terre,38.41,1526.02,39.73,False
2017,BE3,Wallonie,R1000,Pomme de terre,40.56,1982.64,48.882,False
2018,BE3,Wallonie,R1000,Pomme de terre,43.08,1418.67,32.931,False
2019,BE3,Wallonie,R1000,Pomme de terre,43.06,1701.59,39.517,False
2020,BE3,Wallonie,R1000,Pomme de terre,43.73,1700.24,38.88,False
2021,BE3,Wallonie,R1000,Pomme de terre,40.02,1716.34,42.887,False
2022,BE3,Wallonie,R1000,Pomme de terre,40.9,1563.57,38.229,False
2023,BE3,Wallonie,R1000,Pomme de terre,40.88,1737.05,42.491,False
2024,BE3,Wallonie,R1000,Pomme de terre,45.25,1770.12,39.119,False
2000,BE31,Brabant wallon,R1000,Pomme de terre,2.9,133.5,46.034,False
2001,BE31,Brabant wallon,R1000,Pomme de terre,2.7,115.3,42.704,False
2002,BE31,Brabant wallon,R1000,Pomme de terre,2.8,133.7,47.75,False
2003,BE31,Brabant wallon,R1000,Pomme de terre,3.0,138.0,46.0,False
2004,BE31,Brabant wallon,R1000,Pomme de terre,3.1,141.6,45.677,False
2005,BE31,Brabant wallon,R1000,Pomme de terre,3.3,144.0,43.636,False
2006,BE31,Brabant wallon,R1000,Pomme de terre,3.1,120.6,38.903,False
2007,BE31,Brabant wallon,R1000,Pomme de terre,3.3,149.0,45.152,False
2008,BE31,Brabant wallon,R1000,Pomme de terre,3.4,154.7,45.5,False
2009,BE31,Brabant wallon,R1000,Pomme de terre,4.6,200.0,43.478,False
2010,BE31,Brabant wallon,R1000,Pomme de terre,5.3,241.2,45.509,False
2011,BE31,Brabant wallon,R1000,Pomme de terre,5.0,312.0,62.4,False
2012,BE31,Brabant wallon,R1000,Pomme de terre,4.9,213.3,43.531,False
2013,BE31,Brabant wallon,R1000,Pomme de terre,5.3,240.4,45.358,False
2014,BE31,Brabant wallon,R1000,Pomme de terre,5.88,320.63,54.529,False
2015,BE31,Brabant wallon,R1000,Pomme de terre,5.95,288.73,48.526,False
2016,BE31,Brabant wallon,R1000,Pomme de terre,6.27,262.39,41.848,False
2017,BE31,Brabant wallon,R1000,Pomme de terre,6.73,344.08,51.126,False
2018,BE31,Brabant wallon,R1000,Pomme de terre,7.4,254.59,34.404,False
2019,BE31,Brabant wallon,R1000,Pomme de terre,7.17,294.3,41.046,False
2020,BE31,Brabant wallon,R1000,Pomme de terre,7.45,296.98,39.863,False
2021,BE31,Brabant wallon,R1000,Pomme de terre,6.82,305.51,44.796,False
2022,BE31,Brabant wallon,R1000,Pomme de terre,6.6,263.85,39.977,False
2023,BE31,Brabant wallon,R1000,Pomme de terre,6.41,277.75,43.331,False
2024,BE31,Brabant wallon,R1000,Pomme de terre,6.96,269.11,38.665,False
2000,BE32,Hainaut,R1000,Pomme de terre,15.1,695.6,46.066,False
2001,BE32,Hainaut,R1000,Pomme de terre,14.8,621.0,41.959,False
2002,BE32,Hainaut,R1000,Pomme de terre,14.5,697.4,48.097,False
2003,BE32,Hainaut,R1000,Pomme de terre,14.8,643.0,43.446,False
2004,BE32,Hainaut,R1000,Pomme de terre,16.5,810.0,49.091,False
2005,BE32,Hainaut,R1000,Pomme de terre,16.5,728.0,44.121,False
2006,BE32,Hainaut,R1000,Pomme de terre,16.8,640.2,38.107,False
2007,BE32,Hainaut,R1000,Pomme de terre,17.4,847.2,48.69,False
2008,BE32,Hainaut,R1000,Pomme de terre,17.5,820.0,46.857,False
2009,BE32,Hainaut,R1000,Pomme de terre,20.0,899.6,44.98,False
2010,BE32,Hainaut,R1000,Pomme de terre,21.6,924.8,42.815,False
2011,BE32,Hainaut,R1000,Pomme de terre,21.0,1.04,0.05,False
2012,BE32,Hainaut,R1000,Pomme de terre,17.4,741.2,42.598,False
2013,BE32,Hainaut,R1000,Pomme de terre,18.6,833.9,44.833,False
2014,BE32,Hainaut,R1000,Pomme de terre,19.53,927.67,47.5,False
2015,BE32,Hainaut,R1000,Pomme de terre,19.21,850.46,44.272,False
2016,BE32,Hainaut,R1000,Pomme de terre,21.28,825.7,38.802,False
2017,BE32,Hainaut,R1000,Pomme de terre,21.81,1042.44,47.796,False
2018,BE32,Hainaut,R1000,Pomme de terre,21.75,682.9,31.398,False
2019,BE32,Hainaut,R1000,Pomme de terre,21.57,831.46,38.547,False
2020,BE32,Hainaut,R1000,Pomme de terre,20.89,777.92,37.239,False
2021,BE32,Hainaut,R1000,Pomme de terre,18.9,814.46,43.093,False
2022,BE32,Hainaut,R1000,Pomme de terre,20.15,749.29,37.186,False
2023,BE32,Hainaut,R1000,Pomme de terre,20.72,884.23,42.675,False
2024,BE32,Hainaut,R1000,Pomme de terre,22.61,880.79,38.956,False
2000,BE33,Liège,R1000,Pomme de terre,1.6,62.5,39.062,False
2001,BE33,Liège,R1000,Pomme de terre,1.4,55.1,39.357,False
2002,BE33,Liège,R1000,Pomme de terre,1.7,59.5,35.0,False
2003,BE33,Liège,R1000,Pomme de terre,1.6,48.6,30.375,False
2004,BE33,Liège,R1000,Pomme de terre,1.9,74.9,39.421,False
2005,BE33,Liège,R1000,Pomme de terre,1.6,67.9,42.438,False
2006,BE33,Liège,R1000,Pomme de terre,1.8,67.9,37.722,False
2007,BE33,Liège,R1000,Pomme de terre,1.8,81.2,45.111,False
2008,BE33,Liège,R1000,Pomme de terre,1.8,75.8,42.111,False
2009,BE33,Liège,R1000,Pomme de terre,2.7,123.2,45.63,False
2010,BE33,Liège,R1000,Pomme de terre,3.9,146.3,37.513,False
2011,BE33,Liège,R1000,Pomme de terre,4.0,192.0,48.0,False
2012,BE33,Liège,R1000,Pomme de terre,3.7,154.2,41.676,False
2013,BE33,Liège,R1000,Pomme de terre,4.1,201.8,49.22,False
2014,BE33,Liège,R1000,Pomme de terre,5.3,322.84,60.913,False
2015,BE33,Liège,R1000,Pomme de terre,4.95,261.93,52.915,False
2016,BE33,Liège,R1000,Pomme de terre,5.45,218.91,40.167,False
2017,BE33,Liège,R1000,Pomme de terre,6.35,327.0,51.496,False
2018,BE33,Liège,R1000,Pomme de terre,7.02,254.94,36.316,False
2019,BE33,Liège,R1000,Pomme de terre,7.18,303.95,42.333,False
2020,BE33,Liège,R1000,Pomme de terre,7.88,346.85,44.016,False
2021,BE33,Liège,R1000,Pomme de terre,7.22,314.64,43.579,False
2022,BE33,Liège,R1000,Pomme de terre,7.13,292.6,41.038,False
2023,BE33,Liège,R1000,Pomme de terre,6.87,296.89,43.215,False
2024,BE33,Liège,R1000,Pomme de terre,7.65,305.57,39.944,False
2000,BE34,Luxembourg,R1000,Pomme de terre,0.7,19.4,27.714,False
2001,BE34,Luxembourg,R1000,Pomme de terre,0.6,15.7,26.167,False
2002,BE34,Luxembourg,R1000,Pomme de terre,0.5,13.6,27.2,False
2003,BE34,Luxembourg,R1000,Pomme de terre,0.5,14.6,29.2,False
2004,BE34,Luxembourg,R1000,Pomme de terre,0.6,18.9,31.5,False
2005,BE34,Luxembourg,R1000,Pomme de terre,0.6,13.8,23.0,False
2006,BE34,Luxembourg,R1000,Pomme de terre,0.5,13.8,27.6,False
2007,BE34,Luxembourg,R1000,Pomme de terre,0.5,13.6,27.2,False
2008,BE34,Luxembourg,R1000,Pomme de terre,0.5,13.0,26.0,False
2009,BE34,Luxembourg,R1000,Pomme de terre,0.5,13.4,26.8,False
2010,BE34,Luxembourg,R1000,Pomme de terre,0.4,13.2,33.0,False
2011,BE34,Luxembourg,R1000,Pomme de terre,0.0,13.0,,False
2012,BE34,Luxembourg,R1000,Pomme de terre,0.3,7.6,25.333,False
2013,BE34,Luxembourg,R1000,Pomme de terre,0.3,8.4,28.0,False
2014,BE34,Luxembourg,R1000,Pomme de terre,0.36,11.38,31.611,False
2015,BE34,Luxembourg,R1000,Pomme de terre,0.31,8.15,26.29,False
2016,BE34,Luxembourg,R1000,Pomme de terre,0.3,7.95,26.5,False
2017,BE34,Luxembourg,R1000,Pomme de terre,0.29,9.89,34.103,False
2018,BE34,Luxembourg,R1000,Pomme de terre,0.34,8.87,26.088,False
2019,BE34,Luxembourg,R1000,Pomme de terre,0.4,11.13,27.825,False
2020,BE34,Luxembourg,R1000,Pomme de terre,0.27,7.7,28.519,False
2021,BE34,Luxembourg,R1000,Pomme de terre,0.37,9.85,26.622,False
2022,BE34,Luxembourg,R1000,Pomme de terre,0.4,12.39,30.975,False
2023,BE34,Luxembourg,R1000,Pomme de terre,0.39,11.61,29.769,False
2024,BE34,Luxembourg,R1000,Pomme de terre,0.49,15.63,31.898,False
2000,BE35,Namur,R1000,Pomme de terre,2.5,103.0,41.2,False
2001,BE35,Namur,R1000,Pomme de terre,2.2,92.0,41.818,False
2002,BE35,Namur,R1000,Pomme de terre,2.3,99.0,43.043,False
2003,BE35,Namur,R1000,Pomme de terre,2.5,107.0,42.8,False
2004,BE35,Namur,R1000,Pomme de terre,2.8,131.4,46.929,False
2005,BE35,Namur,R1000,Pomme de terre,2.8,119.7,42.75,False
2006,BE35,Namur,R1000,Pomme de terre,2.8,118.5,42.321,False
2007,BE35,Namur,R1000,Pomme de terre,2.6,118.5,45.577,False
2008,BE35,Namur,R1000,Pomme de terre,2.8,128.7,45.964,False
2009,BE35,Namur,R1000,Pomme de terre,3.6,160.4,44.556,False
2010,BE35,Namur,R1000,Pomme de terre,3.9,174.1,44.641,False
2011,BE35,Namur,R1000,Pomme de terre,4.0,192.0,48.0,False
2012,BE35,Namur,R1000,Pomme de terre,3.5,133.1,38.029,False
2013,BE35,Namur,R1000,Pomme de terre,3.7,165.7,44.784,False
2014,BE35,Namur,R1000,Pomme de terre,4.39,197.44,44.975,False
2015,BE35,Namur,R1000,Pomme de terre,4.44,231.9,52.23,False
2016,BE35,Namur,R1000,Pomme de terre,5.12,211.08,41.227,False
2017,BE35,Namur,R1000,Pomme de terre,5.39,259.23,48.095,False
2018,BE35,Namur,R1000,Pomme de terre,6.56,217.37,33.136,False
2019,BE35,Namur,R1000,Pomme de terre,6.74,260.74,38.685,False
2020,BE35,Namur,R1000,Pomme de terre,7.23,270.79,37.454,False
2021,BE35,Namur,R1000,Pomme de terre,6.72,271.89,40.46,False
2022,BE35,Namur,R1000,Pomme de terre,6.63,245.44,37.02,False
2023,BE35,Namur,R1000,Pomme de terre,6.49,266.57,41.074,False
2024,BE35,Namur,R1000,Pomme de terre,7.53,299.02,39.71,False
2000,BE3,Wallonie,R2000,Betterave sucrière,56.9,3895.2,68.457,False
2001,BE3,Wallonie,R2000,Betterave sucrière,59.2,3484.7,58.863,False
2002,BE3,Wallonie,R2000,Betterave sucrière,60.1,4133.2,68.772,False
2003,BE3,Wallonie,R2000,Betterave sucrière,56.8,4039.5,71.118,False
2004,BE3,Wallonie,R2000,Betterave sucrière,54.7,3854.2,70.461,False
2005,BE3,Wallonie,R2000,Betterave sucrière,52.8,3752.7,71.074,False
2006,BE3,Wallonie,R2000,Betterave sucrière,51.9,3568.6,68.759,False
2007,BE3,Wallonie,R2000,Betterave sucrière,51.4,3608.4,70.202,False
2008,BE3,Wallonie,R2000,Betterave sucrière,42.1,3165.2,75.183,False
2009,BE3,Wallonie,R2000,Betterave sucrière,41.0,3525.9,85.998,False
2010,BE3,Wallonie,R2000,Betterave sucrière,38.6,2916.0,75.544,False
2011,BE3,Wallonie,R2000,Betterave sucrière,40.0,2158.43,53.961,True
2012,BE3,Wallonie,R2000,Betterave sucrière,40.3,3242.0,80.447,False
2013,BE3,Wallonie,R2000,Betterave sucrière,38.9,3140.1,80.722,False
2014,BE3,Wallonie,R2000,Betterave sucrière,38.64,3423.64,88.604,False
2015,BE3,Wallonie,R2000,Betterave sucrière,34.53,2979.76,86.295,False
2016,BE3,Wallonie,R2000,Betterave sucrière,36.68,2727.16,74.35,False
2017,BE3,Wallonie,R2000,Betterave sucrière,41.74,4045.92,96.931,False
2018,BE3,Wallonie,R2000,Betterave sucrière,42.61,3597.66,84.432,False
2019,BE3,Wallonie,R2000,Betterave sucrière,38.84,3472.67,89.41,False
2020,BE3,Wallonie,R2000,Betterave sucrière,38.05,3201.27,84.133,False
2021,BE3,Wallonie,R2000,Betterave sucrière,36.54,3051.06,83.499,False
2022,BE3,Wallonie,R2000,Betterave sucrière,35.4,3195.68,90.273,False
2023,BE3,Wallonie,R2000,Betterave sucrière,37.42,3149.54,84.167,False
2024,BE3,Wallonie,R2000,Betterave sucrière,38.81,3019.44,77.801,False
2000,BE31,Brabant wallon,R2000,Betterave sucrière,11.1,802.4,72.288,False
2001,BE31,Brabant wallon,R2000,Betterave sucrière,11.3,678.7,60.062,False
2002,BE31,Brabant wallon,R2000,Betterave sucrière,11.5,805.5,70.043,False
2003,BE31,Brabant wallon,R2000,Betterave sucrière,10.9,738.3,67.734,False
2004,BE31,Brabant wallon,R2000,Betterave sucrière,10.5,661.5,63.0,False
2005,BE31,Brabant wallon,R2000,Betterave sucrière,10.1,629.8,62.356,False
2006,BE31,Brabant wallon,R2000,Betterave sucrière,10.1,703.0,69.604,False
2007,BE31,Brabant wallon,R2000,Betterave sucrière,9.9,649.5,65.606,False
2008,BE31,Brabant wallon,R2000,Betterave sucrière,8.4,664.6,79.119,False
2009,BE31,Brabant wallon,R2000,Betterave sucrière,8.4,751.1,89.417,False
2010,BE31,Brabant wallon,R2000,Betterave sucrière,7.6,603.5,79.408,False
2011,BE31,Brabant wallon,R2000,Betterave sucrière,8.0,734.0,91.75,False
2012,BE31,Brabant wallon,R2000,Betterave sucrière,8.1,664.8,82.074,False
2013,BE31,Brabant wallon,R2000,Betterave sucrière,7.7,636.9,82.714,False
2014,BE31,Brabant wallon,R2000,Betterave sucrière,7.68,682.16,88.823,False
2015,BE31,Brabant wallon,R2000,Betterave sucrière,7.04,602.54,85.588,False
2016,BE31,Brabant wallon,R2000,Betterave sucrière,7.45,566.05,75.98,False
2017,BE31,Brabant wallon,R2000,Betterave sucrière,8.09,780.73,96.506,False
2018,BE31,Brabant wallon,R2000,Betterave sucrière,8.09,692.92,85.651,False
2019,BE31,Brabant wallon,R2000,Betterave sucrière,6.97,635.53,91.181,False
2020,BE31,Brabant wallon,R2000,Betterave sucrière,6.85,576.62,84.178,False
2021,BE31,Brabant wallon,R2000,Betterave sucrière,6.55,573.06,87.49,False
2022,BE31,Brabant wallon,R2000,Betterave sucrière,6.28,583.91,92.979,False
2023,BE31,Brabant wallon,R2000,Betterave sucrière,6.76,588.21,87.013,False
2024,BE31,Brabant wallon,R2000,Betterave sucrière,6.82,562.24,82.44,False
2000,BE32,Hainaut,R2000,Betterave sucrière,24.2,1614.4,66.711,False
2001,BE32,Hainaut,R2000,Betterave sucrière,25.3,1435.0,56.719,False
2002,BE32,Hainaut,R2000,Betterave sucrière,26.0,1767.0,67.962,False
2003,BE32,Hainaut,R2000,Betterave sucrière,24.3,1760.9,72.465,False
2004,BE32,Hainaut,R2000,Betterave sucrière,23.2,1671.8,72.06,False
2005,BE32,Hainaut,R2000,Betterave sucrière,22.5,1623.7,72.164,False
2006,BE32,Hainaut,R2000,Betterave sucrière,22.1,1515.4,68.57,False
2007,BE32,Hainaut,R2000,Betterave sucrière,21.7,1512.5,69.7,False
2008,BE32,Hainaut,R2000,Betterave sucrière,17.0,1247.2,73.365,False
2009,BE32,Hainaut,R2000,Betterave sucrière,16.3,1392.4,85.423,False
2010,BE32,Hainaut,R2000,Betterave sucrière,15.5,1160.9,74.897,False
2011,BE32,Hainaut,R2000,Betterave sucrière,16.0,1.43,0.089,False
2012,BE32,Hainaut,R2000,Betterave sucrière,16.2,1250.1,77.167,False
2013,BE32,Hainaut,R2000,Betterave sucrière,15.8,1259.2,79.696,False
2014,BE32,Hainaut,R2000,Betterave sucrière,15.49,1354.83,87.465,False
2015,BE32,Hainaut,R2000,Betterave sucrière,13.92,1210.55,86.965,False
2016,BE32,Hainaut,R2000,Betterave sucrière,14.85,1093.72,73.651,False
2017,BE32,Hainaut,R2000,Betterave sucrière,17.14,1645.19,95.985,False
2018,BE32,Hainaut,R2000,Betterave sucrière,17.61,1508.74,85.675,False
2019,BE32,Hainaut,R2000,Betterave sucrière,16.68,1518.38,91.03,False
2020,BE32,Hainaut,R2000,Betterave sucrière,16.52,1428.45,86.468,False
2021,BE32,Hainaut,R2000,Betterave sucrière,16.16,1333.53,82.52,False
2022,BE32,Hainaut,R2000,Betterave sucrière,15.32,1366.03,89.166,False
2023,BE32,Hainaut,R2000,Betterave sucrière,16.05,1306.78,81.419,False
2024,BE32,Hainaut,R2000,Betterave sucrière,16.66,1303.71,78.254,False
2000,BE33,Liège,R2000,Betterave sucrière,11.0,752.1,68.373,False
2001,BE33,Liège,R2000,Betterave sucrière,11.6,725.9,62.578,False
2002,BE33,Liège,R2000,Betterave sucrière,11.7,821.7,70.231,False
2003,BE33,Liège,R2000,Betterave sucrière,11.1,805.0,72.523,False
2004,BE33,Liège,R2000,Betterave sucrière,10.8,824.4,76.333,False
2005,BE33,Liège,R2000,Betterave sucrière,10.4,785.9,75.567,False
2006,BE33,Liège,R2000,Betterave sucrière,10.3,712.6,69.184,False
2007,BE33,Liège,R2000,Betterave sucrière,10.3,767.6,74.524,False
2008,BE33,Liège,R2000,Betterave sucrière,8.6,654.5,76.105,False
2009,BE33,Liège,R2000,Betterave sucrière,8.5,739.9,87.047,False
2010,BE33,Liège,R2000,Betterave sucrière,8.1,601.3,74.235,False
2011,BE33,Liège,R2000,Betterave sucrière,8.0,748.0,93.5,False
2012,BE33,Liège,R2000,Betterave sucrière,8.0,664.7,83.088,False
2013,BE33,Liège,R2000,Betterave sucrière,7.7,661.6,85.922,False
2014,BE33,Liège,R2000,Betterave sucrière,7.7,719.88,93.491,False
2015,BE33,Liège,R2000,Betterave sucrière,6.71,589.73,87.888,False
2016,BE33,Liège,R2000,Betterave sucrière,7.11,549.09,77.228,False
2017,BE33,Liège,R2000,Betterave sucrière,8.31,839.02,100.965,False
2018,BE33,Liège,R2000,Betterave sucrière,8.06,707.08,87.727,False
2019,BE33,Liège,R2000,Betterave sucrière,7.11,664.95,93.523,False
2020,BE33,Liège,R2000,Betterave sucrière,6.8,584.57,85.966,False
2021,BE33,Liège,R2000,Betterave sucrière,6.72,593.06,88.253,False
2022,BE33,Liège,R2000,Betterave sucrière,6.65,637.23,95.824,False
2023,BE33,Liège,R2000,Betterave sucrière,7.12,655.6,92.079,False
2024,BE33,Liège,R2000,Betterave sucrière,7.45,585.32,78.566,False
2000,BE34,Luxembourg,R2000,Betterave sucrière,0.2,11.2,56.0,False
2001,BE34,Luxembourg,R2000,Betterave sucrière,0.2,10.6,53.0,False
2002,BE34,Luxembourg,R2000,Betterave sucrière,0.2,12.6,63.0,False
2003,BE34,Luxembourg,R2000,Betterave sucrière,0.2,12.5,62.5,False
2004,BE34,Luxembourg,R2000,Betterave sucrière,0.2,10.5,52.5,False
2005,BE34,Luxembourg,R2000,Betterave sucrière,0.1,9.2,92.0,False
2006,BE34,Luxembourg,R2000,Betterave sucrière,0.2,9.9,49.5,False
2007,BE34,Luxembourg,R2000,Betterave sucrière,0.2,10.1,50.5,False
2008,BE34,Luxembourg,R2000,Betterave sucrière,0.0,2.3,,False
2009,BE34,Luxembourg,R2000,Betterave sucrière,0.0,1.9,,False
2010,BE34,Luxembourg,R2000,Betterave sucrière,0.0,1.1,,False
2011,BE34,Luxembourg,R2000,Betterave sucrière,0.0,3.0,,False
2012,BE34,Luxembourg,R2000,Betterave sucrière,0.1,4.7,47.0,False
2013,BE34,Luxembourg,R2000,Betterave sucrière,0.0,3.2,,False
2014,BE34,Luxembourg,R2000,Betterave sucrière,0.06,5.0,83.333,False
2015,BE34,Luxembourg,R2000,Betterave sucrière,0.05,2.92,58.4,False
2016,BE34,Luxembourg,R2000,Betterave sucrière,0.04,2.56,64.0,False
2017,BE34,Luxembourg,R2000,Betterave sucrière,0.06,6.2,103.333,False
2018,BE34,Luxembourg,R2000,Betterave sucrière,0.05,3.96,79.2,False
2019,BE34,Luxembourg,R2000,Betterave sucrière,0.05,4.01,80.2,False
2020,BE34,Luxembourg,R2000,Betterave sucrière,0.06,4.95,82.5,False
2021,BE34,Luxembourg,R2000,Betterave sucrière,0.06,5.58,93.0,False
2022,BE34,Luxembourg,R2000,Betterave sucrière,0.07,6.19,88.429,False
2023,BE34,Luxembourg,R2000,Betterave sucrière,0.09,7.02,78.0,False
2024,BE34,Luxembourg,R2000,Betterave sucrière,0.08,6.79,84.875,False
2000,BE35,Namur,R2000,Betterave sucrière,10.4,715.1,68.76,False
2001,BE35,Namur,R2000,Betterave sucrière,10.7,634.5,59.299,False
2002,BE35,Namur,R2000,Betterave sucrière,10.8,726.4,67.259,False
2003,BE35,Namur,R2000,Betterave sucrière,10.2,722.8,70.863,False
2004,BE35,Namur,R2000,Betterave sucrière,10.0,686.0,68.6,False
2005,BE35,Namur,R2000,Betterave sucrière,9.7,704.1,72.588,False
2006,BE35,Namur,R2000,Betterave sucrière,9.3,627.7,67.495,False
2007,BE35,Namur,R2000,Betterave sucrière,9.3,668.6,71.892,False
2008,BE35,Namur,R2000,Betterave sucrière,8.1,596.6,73.654,False
2009,BE35,Namur,R2000,Betterave sucrière,7.8,640.5,82.115,False
2010,BE35,Namur,R2000,Betterave sucrière,7.3,549.2,75.233,False
2011,BE35,Namur,R2000,Betterave sucrière,8.0,672.0,84.0,False
2012,BE35,Namur,R2000,Betterave sucrière,8.0,657.6,82.2,False
2013,BE35,Namur,R2000,Betterave sucrière,7.7,579.2,75.221,False
2014,BE35,Namur,R2000,Betterave sucrière,7.72,661.75,85.719,False
2015,BE35,Namur,R2000,Betterave sucrière,6.81,574.03,84.292,False
2016,BE35,Namur,R2000,Betterave sucrière,7.22,515.73,71.431,False
2017,BE35,Namur,R2000,Betterave sucrière,8.14,774.78,95.182,False
2018,BE35,Namur,R2000,Betterave sucrière,8.81,684.96,77.748,False
2019,BE35,Namur,R2000,Betterave sucrière,8.03,649.8,80.922,False
2020,BE35,Namur,R2000,Betterave sucrière,7.82,606.68,77.581,False
2021,BE35,Namur,R2000,Betterave sucrière,7.05,545.83,77.423,False
2022,BE35,Namur,R2000,Betterave sucrière,7.08,602.32,85.073,False
2023,BE35,Namur,R2000,Betterave sucrière,7.41,591.93,79.883,False
2024,BE35,Namur,R2000,Betterave sucrière,7.8,561.39,71.973,False
